resource_state;athlete;name;distance;moving_time;elapsed_time;total_elevation_gain;type;sport_type;workout_type;device_name;id;start_date;start_date_local;timezone;utc_offset;location_city;location_state;location_country;achievement_count;kudos_count;comment_count;athlete_count;photo_count;map;trainer;commute;manual;private;visibility;flagged;gear_id;start_latlng;end_latlng;average_speed;max_speed;has_heartrate;heartrate_opt_out;display_hide_heartrate_option;elev_high;elev_low;upload_id;upload_id_str;external_id;from_accepted_tag;pr_count;total_photo_count;has_kudoed;distance_km;moving_time_min;average_speed_kmu;max_speed_kmu
2;{'id': 105213775, 'resource_state': 1};Namiddagloop;8783.8;2385;2411;0.0;Run;Run;;Strava App;16694620786;2025-12-09T14:41:58Z;2025-12-09 15:41:58+00:00;(GMT+01:00) Europe/Amsterdam;3600.0;;;;2;0;0;1;0;{'id': 'a16694620786', 'summary_polyline': 'kfb|Hcaxc@[]SFYKQM]k@qAgAm@_@eBMgAKQQ[MEEAWZuADc@d@cBR_APk@X{A`@{AN}@^gBn@aCV}ANe@D_@b@yBn@kCLw@HWJm@L_@PcAHSHi@b@}AFg@Pm@Hm@^oBTw@TwA~@sD^yBJYj@gCHi@VaAD]Pm@H]@UBILMFMJu@Bk@\\oAb@}Bt@uCJu@Lc@TsAf@eBl@mCJq@Nc@Hg@Pm@RkA\\wAPkAX{@Fg@Po@N{@FMD]Nc@ZgBXgARgARw@\\cBd@gBToANi@BU?G\\s@DCdA`ANFhAfAv@l@\\Rf@d@\\JPVN\\LJRHHHfAr@`@b@PJPNPJX\\PNRJNPr@h@n@p@jA|@ZR\\Xj@\\RD\\RRRj@TNLnB~@JLd@Lp@b@n@ZLXf@HXV\\JdAn@D@JERARVd@^~@d@l@Hl@VRF^A@GJTDDj@TZ?PFT@f@P^@^R`@Bl@NXDr@T`AJt@T`ATPJJJFPTxABh@l@zCHn@HXDZd@hAX`@\\`@b@z@Jp@Rh@d@vAP`@LRRv@b@dAJ?JG`@{@NMJEL?RHPNn@^`@DNEHIDM?QLc@Fs@P_@HKRaAf@{AJg@Tu@Te@^sAD[N]P{@Ne@A?GRGDA\\KP_@nAIHGNE^q@lCMl@IXKLUt@MTKVALHN_@l@Ir@Ut@GBIC[]c@OOOI@]KSF[\\Sb@CRKJAD@HPXFZ@d@}@rFUjAEr@D`@Aj@M^C`AQdAU`Ae@pAy@~C_@bAEZGN[n@o@j@YZCHA~@AHEDe@?YDq@b@}@v@wA|@YJcANy@I}@c@WQQQWMkBoAm@[w@q@[OSYSIIIw@[iBiASIg@e@k@WUSwAs@m@e@YMM?G@QHKAKLCEI[GM_@UeAYK@QMi@Wm@e@[M]YQCMUaA]QOGOg@CYZOHk@NSAW`@K@MCE@KLKn@Q^a@rBeArDa@lAObAWr@WdAIPS|@w@lCGd@a@~@IVSjAGJ]rACDG?QQKES?QIGfB@r@Ef@q@fCSf@AToAxEIr@]|AKbAEAm@o@gAc@i@AOJG?c@Ma@JYBWPi@?UDi@@i@AWDIMMI]G_@?UDUT]AMFOPSRG\\GLOHQTOFg@p@', 'resource_state': 2};False;False;False;False;followers_only;False;;[51.954606, 6.022129];[51.954645, 6.022269];3.683;6.4;False;False;False;10.7;9.6;17784353962;17784353962;stripped_0c9c8b29-0cf8-4a83-9f9c-02d8b2281878-activity.fit;False;0;0;False;8.7838;39.75;13.258799999999999;23.040000000000003
2;{'id': 105213775, 'resource_state': 1};Namiddagloop;10109.7;2523;2584;4.2;Run;Run;;Strava App;16514922092;2025-11-20T13:09:12Z;2025-11-20 14:09:12+00:00;(GMT+01:00) Europe/Amsterdam;3600.0;;;;0;0;0;1;0;{'id': 'a16514922092', 'summary_polyline': 'igb|Hcaxc@w@}@u@q@w@i@SCOYWSqCMaA[e@?UFSGM?g@IsAa@{@_@[A}@[GCKMWGq@A{B_@G?OFYKk@?[Uq@We@[OAEDMd@Qf@Qt@UhBYzAQnAUhAEHa@\\IPe@n@c@r@k@x@]VOPm@fAcAxB[f@Qh@QpAOv@S~A_@jBQ`BK\\@V_@dBa@rCYhAMv@CVKr@?n@CJOXYvBQfAa@dDOj@Ij@a@tBQtAOx@AVI^Gn@Od@Ch@[~AQ|AAJSVERKJGZDR?JIpAg@fC]lBSlCN\\PR@HA`@BJJNt@^PRTDj@b@l@VFPANOb@Kl@KZ[pCGPQjA_@|AOnAI\\G`@S~@Gr@[rAUtAa@pAq@lC[z@Oj@G^Sp@EXUt@GZUp@[rAy@`C]p@K^Yn@k@~@QJEFEVMLu@VUBg@`@}@DkARWJe@Zi@bAQb@Y|@gBxDKr@M\\GFAAF@G?Y~@Db@v@xAt@lBj@HHNEh@R^Vp@@PXf@|@zBXb@N\\Lh@Xz@^zARfATdBJ^VrC\\tCJ^?LP~@b@l@A\\F\\FTJR^nAh@nAb@t@bA|BpBdCZh@d@f@ZTPVl@h@hC|A\\FXP\\DVNn@LNL\\@j@H|@RZL~AVTHT?d@Rx@Jf@TfATd@TdBXPHLVNBLNL?VUPCjA^l@HZPXAj@FhA^z@CDBFLh@AzA`@PJTEjBVfAd@n@b@d@RVVFNE\\e@hBSd@OROXKHIEXqAf@sABSb@iA^aBRo@TwAZwAN]XkAZq@T_A|@qCTcA`@cANs@^cAb@aBN[d@}ARa@Fs@Tk@Ps@p@aBDUx@gCVmAz@yBLg@~AwDRm@Da@F]v@qCPe@VoAb@gAViAhB_GTsA~AwEZuARe@h@sBJSPq@DCJw@HQR_Ab@gApAmEJm@Vq@v@sCXu@v@iDXo@VeAlAsDx@oCTm@\\oANu@j@mB\\_An@aCZ}@Ha@^e@NABGSeAMWKIa@{@YW]MMQI]CQFgAQy@y@eBe@s@o@gBk@oAY_@WS_@k@KISA_@[OUEQU[Qa@U]m@i@}@gA_AqAYWIMa@oAUi@CU_@iBOa@Ki@k@yBm@eBU_AQgA]]YGGG[u@I[MWCSCk@EOKg@?SFWAUI_@EG', 'resource_state': 2};False;False;False;False;followers_only;False;;[51.95463, 6.022076];[51.954713, 6.022274];4.007;6.82;False;False;False;12.8;8.4;17601812780;17601812780;stripped_fd4873f2-aec1-44f3-95f3-a970c469c1ae-activity.fit;False;0;0;False;10.1097;42.05;14.425199999999998;24.552000000000003
2;{'id': 105213775, 'resource_state': 1};Ochtendloop Horsterpark;7774.0;2087;2133;6.5;Run;Run;;Strava App;16432991971;2025-11-12T08:21:55Z;2025-11-12 09:21:55+00:00;(GMT+01:00) Europe/Amsterdam;3600.0;;;;2;0;0;1;0;{'id': 'a16432991971', 'summary_polyline': '}wa|Howvc@DXCv@Dj@Ev@CHMNMZEV@`A]nA]bBEb@?j@Op@Et@O~A_@lCOrAGjAW|AMj@Gv@SnB[~Bk@bCWrBYl@GRHvAC^Kn@Of@E`@Cb@Hb@AHQx@O~@Wj@Ix@I\\_@vAUh@Cl@B^ALIPXb@@L?ZDVZlATdAPf@Nr@Pb@Jh@b@lATd@Nd@NRLj@d@t@R`@TXLXf@l@Tb@PNVh@NR@JSh@AJXjA@j@Rf@z@dAr@t@XT|@dARL@HHLVR~@fA\\ZX^VTVZZRRVf@\\D?RV^Hz@Jn@ELEv@o@JSCGKEa@`@YP_@BSAMIc@Ke@Ye@a@_@k@GCE?MJUn@Md@E\\Ol@AVFt@`@bBXnBZlAJ`AR|@Jz@Np@@\\RR@LLn@LjAR~@LVv@rAPl@\\p@LZXz@NbAN`@@VDHFBj@GP?x@l@TBRJFN?JDDLBPLT\\Z^ZZJFZ`@b@^D?f@aBn@aCLqACuAUoAQ_@UYOO[Go@_@a@OKKMBq@eAG]U_Dq@gHk@{BKOIEQCKIWDEAa@UE?IHIBW@UGYOKCKBEBi@~@Sd@U^ENWf@Wb@EBGECIQaAg@_BGo@M{@QcAIYCSAGKIEBQ~@Yt@Mp@a@~Aa@dAq@bCKh@aA~CQfASn@INKHKVKd@E\\m@zAYzAEJEBKOAG[c@MAIIG?OLG?c@e@IM_@UKQc@]KMCOMGi@_@YC_@SGWYg@e@YY[EAE@QOMg@{@m@i@e@e@g@w@m@]a@IGK?KG[i@KMUIQOSIIMI[GM[Si@UQSq@g@AIp@uBV_B\\cBDe@d@yATwARq@R{@ZoB`AkED_@t@qCFk@XoAHQF[JUJm@VwAJYr@gDFq@j@uBZ[FKFc@V[HOJIFMAmAB_BHu@Lc@Hs@Nm@Xw@T}AZcBRaBDGPOJ[Ao@Kq@AWn@mF@[j@yD?YGIKEEQH_@Ne@F_@JiA?c@Ls@LeB@ILUH_@JeAL_CLsA|@iEBSGm@D_@DORY@KRyB?_@I[', 'resource_state': 2};False;False;False;False;followers_only;False;;[51.954668, 6.022366];[51.954685, 6.022271];3.725;4.96;False;False;False;16.1;8.8;17519218935;17519218935;stripped_c8139b4f-531f-4f14-9af2-6bcaaa73fe6d-activity.fit;False;1;0;False;7.774;34.78333333333333;13.41;17.856
2;{'id': 105213775, 'resource_state': 1};5kðŸ’¥;6596.3;1636;1654;0.0;Run;Run;;Strava App;16311998402;2025-10-31T13:24:12Z;2025-10-31 14:24:12+00:00;(GMT+01:00) Europe/Amsterdam;3600.0;;;;0;0;0;1;0;{'id': 'a16311998402', 'summary_polyline': 'qib|Hscxc@MGq@c@QUSQy@[_AUQB[?MCKGGAQBG?_@]QGS@QJQ@YAWEOG[CSE_@Se@O[Eg@Uk@QMKSKQ@WMe@KkAIiAa@a@Uo@Eq@QIEKM{AoA]Oo@k@[SYY]Qk@e@s@s@o@c@i@YY_@{@m@sAiAg@Ya@]}@m@WM][UK]e@YK[WYOYYy@m@KM[Mm@o@_@M[]SIi@_@k@i@w@g@uC}BQI_Au@_@USUME]USWg@YkA_A[SGGSe@OG]i@_@e@MIIO?KVc@j@uAT}@Rg@FUl@aBNYPs@NWFU@UL]LQJSLg@Xw@HMNu@d@_APi@Lk@N]Ng@f@kAd@wANYh@eBn@aBPm@n@iB^{@Po@JQl@mBVo@J_@f@sAv@}BXm@^gANk@f@sAT{@Zm@Tq@Zy@l@kBJONAd@Vp@f@PTt@d@|@t@RJRPz@h@fB~ATHl@f@d@VVZh@b@HLFBN@RVTJnA~@RTTLn@j@v@h@TH\\^DTCTW~@Eb@Mn@ARGVE\\Uv@KTI`@Gl@UrAk@rCI\\GLKbAq@hDoAbHKXKdAYlAQhACTUz@Il@AHIJEj@Kp@W~@KdA_@bBG^g@jCM\\A`@K`@In@Sz@s@lDYfB@PCZIXSb@Kf@A\\If@[fAEn@@\\PTb@Tr@t@d@P^X`@^v@d@NPLRTPLRZVVLf@`@VLTXPLZRPFHLh@\\TVNLD?PED?JFPPLDZ?TDRZ`AA~@R\\BPJDHNDZ@bAZPJx@Jd@VdAZFHRF`@HL@`@Q?CH^J?LGF?TJJ@LAVH\\?\\Fr@@JDPPTF\\Rn@f@LN', 'resource_state': 2};False;False;False;False;followers_only;False;;[51.954578, 6.022313];[51.954709, 6.022315];4.032;8.06;False;False;False;10.3;8.2;17396954482;17396954482;stripped_c7fa2667-944b-4820-b375-bc35a519573e-activity.fit;False;0;0;False;6.5963;27.266666666666666;14.5152;29.016000000000002
2;{'id': 105213775, 'resource_state': 1};Interval Middagloop;8176.8;2156;2202;3.9;Run;Run;;Strava App;16126838411;2025-10-13T12:49:15Z;2025-10-13 14:49:15+00:00;(GMT+01:00) Europe/Amsterdam;7200.0;;;;2;0;0;1;0;{'id': 'a16126838411', 'summary_polyline': 'swa|Houvc@Bd@KzAQNKj@?RDj@ET[bAS|@Ij@CZGVC`@Kd@Q|A@n@SjA@RIf@St@Ez@Ir@?TOr@AZO`@E\\?d@Ip@Mp@]`DO^M`AGNSfBCHYZGT?`@Dt@EfAG\\E?Id@K|@L\\@J[bAs@~CQd@ObAS|@Ej@K^B@IPSNC?EEi@uD[_BMWWUO?KBoCtCi@f@i@`@gClCE@ECCBGXGNIHSHWXc@Vg@r@m@j@Y\\a@XWJOP[TWXYJQLS\\i@`@UV[To@r@s@l@_FtEOFE@KECa@Ma@I{@YkAEAIB]XM@EGGi@@WGu@K[Cg@IUUmAMwCKcAG{@D{@?}AKq@A_@?}@B_@`@oANwATsAd@iBPaAPy@@U@KDGD]@qAJoA^y@N_A`@{A?KCo@Da@b@uANWJIBGJe@Ne@`@gCb@qBBWJSZqAFg@|@uDZ]JQLuA?e@Fg@@STq@f@cC`@eBBe@F]Rk@DY\\qAHgBCY@Q?{@F{@XkBVeAP_@FYZc@x@q@Zg@V{@N}@Pg@Fk@Pg@T_AJu@FMD[XiAFc@Tw@r@eDD{@FORUJc@HOJaARi@Hm@Nm@N}@Rk@LkAVy@XsAj@_C|CsNXcB\\cABYJ]RkANk@Dg@Ja@d@{AFm@TcA@Y\\}@FKNcAJ_@B]LSPkAXiAJs@^eALcA^aB@[BIJEFOv@sEHIJ@d@b@ZP`ChBj@h@zAlAbA`AfAjA\\XDNLPf@^VZZVL^JPPRNZJFJGB?Fh@DDD?PMR?n@Xh@Ld@RTBRHRDVJh@HVNl@Vd@J^T@LADWh@a@~A{@~DKNEn@CBCAGPShAGz@y@|ASnAO^Mv@]dAIf@Wr@MLYr@UtB[v@CPGLKDK@MDUZCT@`@Dd@CTa@lASt@MbAa@fBKPQr@Sl@S~@Ul@IZ]tD?|@Bh@A\\Dh@GLGF[EICWQGIM@GFY|C[`BIRG?KIQ@UQs@YKBEBKd@SnBK^G`AOv@MhB', 'resource_state': 2};False;False;False;False;followers_only;False;;[51.954576, 6.022354];[51.954705, 6.022321];3.793;6.42;False;False;False;11.7;7.7;17210135392;17210135392;stripped_a563cfec-703d-4186-ae36-7e3efa8046f8-activity.fit;False;0;0;False;8.1768;35.93333333333333;13.654800000000002;23.112000000000002
2;{'id': 105213775, 'resource_state': 1};Ochtendloop;6099.7;1532;1545;0.0;Run;Run;;Strava App;16092962594;2025-10-10T07:18:13Z;2025-10-10 09:18:13+00:00;(GMT+01:00) Europe/Amsterdam;7200.0;;;;0;0;0;1;0;{'id': 'a16092962594', 'summary_polyline': 'wjb|Hmdxc@[MSSEKm@k@aAKYCW@kAMKE?EGCUg@\\{APgA^gBBWN[fAkFd@mBP{@\\wAPeAPk@L{@^sAd@cCFUBUT{@N_ANa@Dc@R_A\\mARoA^wAXaBZuAHe@ZaAPkAZgADa@ZaADa@Ng@Ho@bAmEJ_@h@mCL{@\\sATuA^}AVu@Jq@Pi@Hk@XkAJq@L_@f@cCHQVcBTo@LaAL_@N{@Ty@\\aBFe@j@{BN{@XcAVkAJy@ZkAx@_EJYb@kBh@gCHOFAFBRPJBJXHJb@\\LBhApAJDVZ\\Pj@j@\\THP\\JDHRLPT\\TBDt@j@h@f@DA@AH?L`@VZ`@`AR[TNl@j@FN|AhAVZZLXTd@Pz@f@t@ZTTLBXZzAj@f@\\t@ZDD@H?JO^]xAm@jBa@~@Kd@AR_@x@Or@c@hACRMXc@|AQb@_@nAMXQz@i@~AINSp@KLo@~AYd@Od@Yj@i@`ASHSPa@z@Gb@EpAH`A?j@O^Ib@Oh@Qb@Kf@Ef@@VYFGj@K\\]r@Ob@KJe@tAMz@Mf@Gh@KXc@dBKn@Od@Kn@Yl@G^Wx@Kh@Up@[tA]fAIr@Y|@c@`Ae@|BSj@ERCHED]AOTI\\ARFr@AHa@tA]dBMZe@tB]dA_AlDKh@A^EHEAi@i@o@_@OAYJe@@_@OQ@a@JORIVMN?`@Ir@M^Ah@Oz@]rAa@~B_@lAUbA', 'resource_state': 2};False;False;False;False;followers_only;False;;[51.954616, 6.022397];[51.954639, 6.022285];3.982;6.54;False;False;False;10.8;9.3;17175811843;17175811843;stripped_3e7678c7-e28f-4bb8-a2ce-7de557410e0a-activity.fit;False;0;0;False;6.0996999999999995;25.533333333333335;14.3352;23.544
2;{'id': 105213775, 'resource_state': 1};Avondloop;6953.4;1756;1769;6.5;Run;Run;;Strava App;15968433436;2025-09-28T17:19:57Z;2025-09-28 19:19:57+00:00;(GMT+01:00) Europe/Amsterdam;7200.0;;;;0;0;0;1;0;{'id': 'a15968433436', 'summary_polyline': 'swa|Hgvvc@AvAEr@GPGDMRCX?rAGRE`@Yv@Q|@Et@?d@QnAWpAMhCc@jDQj@Aj@Kp@IZAh@SbAEt@K`AITMx@Iz@i@~BEd@EHOPGNAb@Hx@CpAYrCe@tBIh@Od@AVQd@SfAYx@Ix@?l@EPJLLD@TCp@Nb@Hj@Zv@Nn@h@fBVpAPj@j@jAl@bAb@`Ah@z@h@bAh@l@^l@?RMZCH@LVl@BJBx@DRj@hAn@v@RJNPLFJPn@l@f@p@p@j@b@l@f@\\HLr@r@LZr@`@`@`@b@HVLT?XFRCV?b@UTORUZw@Lg@L_ABe@Ae@Q[CKBg@Rk@Lq@NuDA{@FgARaA@WRwAl@yB`@cAVuAZq@^oAl@uCTq@Fe@HODGn@YPCZ@f@^L^JJTD`@?dAe@d@KXOXCZDLCRSLWPQRGb@Fb@U^FNA|@WZULAZO^EDMJ@@EF?@QCgABWPw@Pc@b@k@@MMg@E_@OKS]M[Go@Me@cAcCQkAGUE[S{@KaAI]KY]wBe@aCIy@Mc@Aa@Kc@?]N_A`@oAF_@JOZ_APs@JYNcARa@ZcAHg@ZaAHa@LYj@qBt@wBHa@Po@De@Vg@\\_AXoAVm@Ne@NSPMBGASOUAYCGq@c@_@g@MAS_@UYS[QMGICOBIPWBKBUCI_@eAKUSYe@cAKg@MWWs@OQg@aAEEMG_@m@[WQg@MISGWSSa@oAqAs@eA]]KMQgAMUOEE@MFG@ECWm@e@YUa@c@c@[i@[Yw@gACo@IUKK[GECm@mAUUUOIMI[s@qAIUKIu@_AIEOEu@gAOEEGGOAm@CIIMOME?[FEBEFIl@?j@F^C\\Kh@Uj@Mn@MTe@pAe@tBo@xBGNE@GJ?l@MbACD[UGQQOS@QSYIMBKAo@JYAKF_@?}@Te@EYFq@Im@Pe@MUNeA?ULUDaA|@U\\KBGPU^', 'resource_state': 2};False;False;False;False;followers_only;False;;[51.954594, 6.022337];[51.954603, 6.022299];3.96;6.96;False;False;False;16.1;9.5;17049719438;17049719438;stripped_2ff18b84-f864-47bd-94c8-665f6e00e805-activity.fit;False;0;0;False;6.953399999999999;29.266666666666666;14.256;25.056
2;{'id': 105213775, 'resource_state': 1};2025 #10;48938.4;6141;6284;112.3;Ride;Ride;;Strava App;15536062402;2025-08-21T11:51:56Z;2025-08-21 13:51:56+00:00;(GMT+01:00) Europe/Amsterdam;7200.0;;;;12;0;0;1;0;{'id': 'a15536062402', 'summary_polyline': 'ucb|Haaxc@vA{BfBg@tFGrEg@bBbAVEfFcRp@m@NaAFyAtKia@Ri@z@g@bC_@t@PhEpCrChAp@v@~AHhXbQpCOjFkDxC?zB~AtAnDbAvA~DpChFzAdC_C~A{ChCuLb@}CXAfFtC`BJfL_JpBeCvCkGfAcAtBaA`Fs@bEJ~Bf@tBlApAtB|A~D\\D`AsHj@kJ`DmW}DkJiCmJ{BkFu@oCeCsCjAoQpFK|Ff@lEhAjDbBtM`MlA`@VWDm@Ou[k@cNe@aBeDcE]eCG}ILo@pAaC^aC`@_OSgDn@aGQ_D{@yEqAqNLaAxCwHb@mGIuC}@aEJoFIuGvAqNTmG[_FD}Bf@sCpIyTlB}RzBcIxBeFIYaSsLjHwTbEeO`G}NhB`AbAM~CkF`FiF`GiChE}BpDyEf@O|@Vbe@|^vk@vZpAhAlBrDvAbFLdAEzB|@R~DvLhBrD`HjLdArEVzGh@SN_@zCyO|AgExA_GrA{BrRqOt\\}TzBG~e@bKvKq@|E~@bFX~b@qAhDlAn@jAp@JrC`CxAeGnEO~B{A~B~@`CIv@j@dA}@t@gDd@{En@EZ{ARsDk@{AMoD`AkMA_Cd@kDx@{MmGsbA_FueBGyOReH^oGv@{CnW{_@lAmDnJcw@HgDSsN`@yLEaAa@q@q@ScZdBiCnAmCzCaAn@}HxBaSoCyLk@{@g@qA_Bq@sA}AwF{AwA_AFaAr@aApDy@s@OiBVcHBwOUeVc@o@eAiHmBqT_Gi`@sAkO{@iE{CkVoDeNuB}FkFmKiB_FUOeCxA}BxBr@zJpEzSvCzJpEjU|BpMvAtPb@rJfA~IxAze@K|BL{@n@Ke@SMZm@zF}@dQg@nCqSn_@cFlKwC|Ei@f@s@k@{@t@qE~ImBfC_Bz@sLr@wOP{Fp@cOhJqPzKmUbPqF~CaHfGwDdGmAUyJFmBi@sr@un@uEn[G`QYv@OhWkCn{@DdMbB|i@YvJdBrNNfFc@jBs@`Aw@|Bw@jJuAjGeQzd@i@b@OnBqFfNaLz_@eBnE{GnMeAvD{@HqA`AsHjHk@hAmWbcBm@bC}A`@cDzB}A{@aIk@W`GaBFSfCQTaD?_BvI}FbB{AOg@}@YAgAvB}AdBqK`Iw@Nc@hBiBzByAnAeBd@Sx@uFzDkFpEgBfCWAs@{Am@aDq@iLMuFyBz@wM@m@lHeAvESVyAIoGoDu@fDu@~Ak@d@yCxK{cAlxEpFr@lCjB', 'resource_state': 2};False;False;False;False;followers_only;False;;[51.954585, 6.022361];[51.954644, 6.022284];7.969;13.84;False;False;False;75.4;9.6;16591592197;16591592197;stripped_d6e9c86c-8171-4254-843a-ceea2f890c17-activity.fit;False;4;0;False;48.9384;102.35;28.6884;49.824
2;{'id': 105213775, 'resource_state': 1};Rondje klapband;22549.1;2708;2717;171.9;Ride;Ride;10.0;Strava App;15374813896;2025-08-07T09:56:03Z;2025-08-07 11:56:03+00:00;(GMT+01:00) Europe/Amsterdam;7200.0;;;;22;0;0;1;0;{'id': 'a15374813896', 'summary_polyline': 'ajb|Hycxc@yBaBsAUmAE_AYs@Ju@IqH_CyDk@_Bm@u@E{@UKD}@~CqA~HoClD}AjCm@v@mAlCOn@uJxo@mChPq@fFsAbI?Td@j@Jz@pDtBHN@n@k@fCcBhKmAnG_BtGsCnKaCxGcAdB_Ar@{@\\iDn@k@ZY`@mDhIKh@g@pA?d@jAbC?\\s@p@sDbF{@l@C`@JHZKtCkDRIBLGN_AbAeB|BeDxEyI`L}QtVaGvHUP_@e@i@qAcGcJqBsDuAuB_H}LkC_F[_@uDmCoEsEeA{AgEuHaEsFs@w@_@}@C]ZkAuAmFG{@@}@h@kGl@{DHqApAgEBk@IO]Y}@YeEy@kBo@eF_CcD{B]K_@J[ZyBnE}EzG_@Ra@Ga@[[k@wDqKyCwH_@oAk@oEcAwFeBwFg@y@GWi@qJCuGFmGz@mUhAyT`@mOAgHK{EUsEm@yG}@eGgBwIqAiEmCiHcDkHcBsEwAgCaAcAwDyC]I[Ru@fDs@bEwBdHq@hBSjAyAzDyB|CcCpCgBbCwEzDu@bA{ClFg@b@g@NeC[mCRU[_@H[Z{Cj@eDhA_IlDwF^i@`@Yb@_AzB[RmFl@sGUcBFe@`@uAnCy@bAoAd@cAEa@JqBvBo@j@c@PcBVwD_BmA@mDxDoEbJy@tAyEjFcAn@c@BiBgAk@M}BhDc@^kBhC_A|@i@VsBEs@JiEfBkAt@mB`BmB`CkAzBo@zBk@rDYfGDhDVfFpApJ`@jATXZHv@BvCs@^Ap@Tt@`ArB`Ej@jB~@`IZpAp@jAfB|AV`@Ph@PnCVx@fB~@xAxA`Al@tEj@t@GhBiAlCsCjDfA|@n@Xr@Ct@uArEMx@h@vCl@~AXlAo@pGGhABXb@xAZ^^Nn@Fb@Kn@cAh@mBLsBNk@`CKnAj@J?Ti@D{AO}AsBeJMyADs@Lg@LGj@T~AfBdAtB\\~@VjA`@rCRtCDtGTvCdAzFd@bBjAtCv@`Ab@v@z@dDhDpHbAhBhCpDdBzAlBtBbC|A\\^Rf@p@pD?tBJx@AjCXfAh@pALt@O`@y@h@MX`@rBZfCa@fMQz@Wf@IUBgAIUSCCfAx@lErC|Kz@bCpBbIrAnDj@dAlAlAfA|@|AjEtAzCn@h@~AP`B`@tAhAz@vAz@jEv@pFj@xCDf@EzDDbAFTZR|Ag@vIoGnAgA~DyBzIgC', 'resource_state': 2};False;False;False;False;followers_only;False;;[51.954554, 6.022298];[52.002419, 5.9718];8.327;15.76;False;False;False;108.7;9.1;16419197024;16419197024;stripped_6f690d4e-4184-4849-a909-4176945f558d-activity.fit;False;13;0;False;22.5491;45.13333333333333;29.9772;56.736
2;{'id': 105213775, 'resource_state': 1};2025 #8;33439.2;4023;4023;208.6;Ride;Ride;10.0;Strava App;15266783411;2025-07-28T17:49:29Z;2025-07-28 19:49:29+00:00;(GMT+01:00) Europe/Amsterdam;7200.0;;;;61;0;0;2;0;{'id': 'a15266783411', 'summary_polyline': '}fb|Heaxc@aFwDiFeAcBLmE}AgIoB{@?eBg@URiAzE}@bGuCnDyDnGw@`D}F|`@yJtn@?^b@d@Bv@dEbCDb@uFdZsFtSyBdGiAzAuBlAcDl@kAlAcDtHQfAe@|@Fh@fAtBD\\u@n@_ElFw@h@A`@d@GxCkDP?CVui@zs@aEzEc@[Uw@iByCwCeE}Rs]oEuDeFiF}F_KiFcHi@qAPcACo@sAiFEwAvA}O`BiFOq@oIaCcFwBaGgDy@|@eI|Lk@`@a@Cm@g@sJgWeCuN}AuFi@gAg@yFMkDAsIN{G|B}f@^kOGkMe@gJoBwOwBiJgBkFcKsV_A_BcFaEs@?]x@}AtHaExMeCvFcIfKwEvDwEvHsAXiBSyCN}Haf@qOw}@gAcDUH?ZbAzDcBzBwL`I{DhAuBvBsD|BkL~Dy@r@kBtCu@l@{ADaDcCqFg@q@\\c@n@UnBYv@mJ~FuA@cDy@g@LGf@xExWYnI^fA|AfAv@pA|@|FLjCCbFa@hEcB`HyBtE]`D?tG`@~Cx@`D@n@Od@cCbDnCeEB{@U}@U]_@CWDa@~@KD{@]qATINOvGs@bCyDj@gEfBcCjBsCdAgAbAu@zBW~EeAbJ{@nLT|BdAjDzBjD`An@dClCv@rBnA|@pApCvAdBpAdC@|EcApGDzBYbFJdCJj@pArBrAvDnAhFxBfNf@r@`ErB|DoBzCN|@`FL`Dn@lDnCjGxB`GXfAPlC~BfFpHv@rBk@Ny@W}D?gBHeBXkBx@oBdCiCxAoClA}APKpA\\pBnBpC~G~B`EvAdDdAjAfBTzBjBl@bAf@lBh@vCKpCrAxEKj@u@f@Oj@p@pCJpAa@~MOz@UBIyAW_@Ih@ZfDlC~JtA|D~EZxEkBzC]zDrAfKnGzHg@nCo@vCR~Ab@rH~D\\e@LyBnB}Nb@iPn@iGpB}H~AoErF}KRUl@JRWBu@i@gAB[rHuGfGuBzKyJPA`BfAvA]rDcGtAoEx@{@lBs@bCmCx@LhAvAnCrGtClF^rBdAk@z@wARIlF~JXBrFiBxAwAtAk@|@PpDpEfMtTrDnFdBjDXRRIdGmHxZqa@bJeM`@_AUEuCtD_@CFe@lAaAxEeGwAiDbAuCbCeGx@wAh@c@jDo@xBwAhBeDxAkEpFmSfFsYSo@mDmBOaAc@i@?i@f@{BxBeNrN__Ab@eBjBcD~AiCjCcDpA_Iz@oCLGfJzBhIbCvAMlAd@jCXrCvB', 'resource_state': 2};False;False;False;False;followers_only;False;;[51.95465, 6.02232];[51.954655, 6.022302];8.312;13.8;False;False;False;105.0;9.1;16303699207;16303699207;stripped_b8f05402-75d7-4cc1-8d46-7401b3526265-activity.fit;False;29;0;False;33.4392;67.05;29.923199999999998;49.68000000000001
2;{'id': 105213775, 'resource_state': 1};2025 #7;36319.6;4430;4434;277.5;Ride;Ride;10.0;Strava App;15224435035;2025-07-24T17:53:41Z;2025-07-24 19:53:41+00:00;(GMT+01:00) Europe/Amsterdam;7200.0;;;;59;1;0;2;0;{'id': 'a15224435035', 'summary_polyline': 'kjb|H_dxc@{CiBeEy@_BRcIeCsFo@{BaA_@Lk@tBwAjJiHbKiAnCkSdsAB`@r@bBnDtBJ~@qFnYeG`UkBvEoAdB}A~@gE~@{@z@{EdMvAzDsAlAcDpEu@d@Ad@f@IfDeEAf@{g@zq@aG`Ha@Yc@wAyUw`@{BqC}AWeC`AkAxAiFpA{EsJU@{A|BYBi@cCwI_PeAw@o@PcBvB{CdBk@jAi@jD{EdG]JqB}Ao@C{F~EwBnCaFjB{IvHk@~@mI~RkE|NiCWyCRoLdD}Gg@iEaAeA}@wH_LaAsC{HuGqPkBiB}Gy@_BiCuBkFsGiHoMaAkDyDaIs@}Cs@qHMqHm@eGg@sBqAsCmBcBmAXfCvN?nBOj@aBEcCVQZi@|DoAvAoBYi@e@KaC`@_G_BuHPiBfBwDDy@YcA_BkB_BQuB|@iGvDsEcAgDuC_Bw@Ya@c@oEiCcDg@mAuAsJ}AuDmCqDkFd@qA{@}AiKYgFDkIx@mH~AkE~A{BpDcDrFiCnFa@~HaK`@CvBnAbAa@rCqCdBgC|FcL~DwDrA?jDxAbBAzD}DlBGzAw@r@}@rAsD|IFxD[~Bu@rA_Cz@w@fFQ`LeEdBW_ACqClAvCuArBb@`AQ`@b@~AvEtBbLpLfs@dAjIAt@eE~D{FdHyEhCyKjFcDZuDmDmBe@uI\\uEzBiD^eEQgExBwDRkBhCyCzHy@rAuD`DeD`H{BhHo@|FPlAjDRp@b@p@tAC~@sAvDYdC\\tCr@rCK`Et@vEt@\\bA}@dAaD^k@tCK~@^VYJsAGoA{BeK@iC^c@v@`@jCdFfAbGFnIXlDrB~JrCfFl@dCxAlDrAvAzDnIrEjFvE|Ex@hDCtAZjAFrBpAvES|@q@t@n@dFOdL[rB]?UsAOj@B`BvAfI|DtOjDfJdBfBzBr@jC~G~@r@tBf@`CbDzA|JTtDbAlFLfC`@dBXRpHsDfFiEpDuB|JmCpEUH_AeFuZ@{KbBsOh@uPb@eFzCwK~HoQnAa@Fo@g@{@Ru@lB_ApFgF~D{A|KqJn@ElBfAnAe@pDwEzA}FvC_BtBcCj@Yb@XtI~Pr@jCx@a@~@qA\\AfFdJvGyAz@cAtBw@x@HdChCnWtc@p@Bvn@qz@g@?qChD[KHa@bAm@fFaH@U{AmC~EiMz@cAvEkA|AcAjAiBxBaGfG}UpE}WI[gEaCe@kBfPafAbCqNpDmGjDuEfAuGhAqDZOpQ|ElDJ`Ah@hDZjCnB', 'resource_state': 2};False;False;False;False;followers_only;False;;[51.954602, 6.022328];[51.954566, 6.022284];8.199;16.24;False;False;False;108.7;9.3;16258303474;16258303474;stripped_f144e93b-8e0c-4c3b-9b82-01f27a5f40a2-activity.fit;False;39;0;False;36.3196;73.83333333333333;29.5164;58.464
2;{'id': 105213775, 'resource_state': 1};2025 #6;45261.0;5416;5433;258.6;Ride;Ride;10.0;Strava App;15201761064;2025-07-22T17:36:54Z;2025-07-22 19:36:54+00:00;(GMT+01:00) Europe/Amsterdam;7200.0;;;;60;1;0;1;0;{'id': 'a15201761064', 'summary_polyline': '}fb|Hcbxc@oFiDwE{@wBFgSkFew@ml@}r@w|@rVms@uBu]qBkJcAyK}@m^HiMgA{VzH{e@jFk^bByNyQsFaPsDai@qR}EgCuX}RgAi@y@LI}@{@kAuBuNyB}IsOah@kH_Uo@qDWuGg@FY`AaAf@cCAwFgAkBuAoA_B_B{DaGe]uDiNCcDYeAg@@uBjBM~C]t@_EhAs@QkBeNcF{QTsGbA_E{Ew@wCgBeNsMaAwC_@a@o@?iBhHuBjFkFrG{B~@_JaEyCeCkEa@kBy@K_@FsEPmAj@XFj@s@bIaKhb@}Nfb@_Pje@kChIyDtNqFnOyBzCKx@JbBeGjPkRdr@gBdEoDvFwBrBcB`@X|Dv@pDMlApBvFrPd\\dIfQ~FhGlBpElBnHtLfYbE|Lj@vC|HdOx@tDfEzKbCnDbIfNtCxFX~Ah@NbDfGvDjV?dCYjEj@xHpCvM~ClHn@|BkApBgB|AyH~EeF`B{JxG_J~C}FdFe@@cCcBaHo@{A|@a@tC[d@oI|EsGY^vGlC~PQ~GFbAfDlDx@|ET~DKxFo@zFw@~CmCxGYpBGnHrAjIP^bDrAtBi@hEoFtHmOxCyBb@G`EjBfBKnAk@fCiCtBKvBqBvA_Dj@e@fJ`@dDUhBg@|A_Dd@_@|F[nLaF~DDb@^fAvC~@zDbQxfAEp@{DzDmGjIsAXcMbHoEj@mFsD{IQ_BVwC~AwKj@yDfB}BJuAh@}BfDsDrIoDvC}DxHiChJYjDN~AdEf@pAhBaBdGYdBRvCbAdEs@rHb@lEz@`@dAu@jAaCVuBZy@dCMvAn@T_@JaBMaCaBmJKeCb@o@ZRrAxBz@dCjAxHl@jMdD~MxBrC~BvHhF`JvK~Jz@nAv@~DLtHvAfEMj@sAbBbAnE@hDi@~I]`@C}@OSO~@lArGf@hGdFpMlBlGlAfAtBf@rDnHbGlDxAfBp@~Bz@rIdAvGL|DZdBlAOxC_B`GeFjEmCbNgD~BGHw@c@{AkEcYAqKdBkOl@cP|@mGfCqJzHyPR_@^JTWJaA]s@Rk@`JaI`E{ApKsJ~B`AdAYvEkFj@_Cz@cBhDuB~AiBlARlElJfChEd@tBtCgBfF~Ij@DtFcBx@sAz@c@~@Ql@^hCjCnMjUzDrF~BlE`@Rho@_{@WG{CrDYOJa@dAy@vEgGBWsAyCdFgMtAoAfDq@tB}A~AsCpAqDbGmUxEsXIw@yDgBM{AUKGc@~SmsAvB}EzFiIjAqHx@sCdBn@pEn@nJtClBGhF`AfChB', 'resource_state': 2};False;False;False;False;followers_only;False;;[51.954666, 6.02226];[51.954696, 6.022239];8.357;17.04;False;False;False;108.7;8.1;16234090431;16234090431;stripped_58be9b20-7f67-4c44-a451-741e79e6c55f-activity.fit;False;38;0;False;45.261;90.26666666666667;30.085199999999997;61.344
2;{'id': 105213775, 'resource_state': 1};2025 #5;31898.9;3862;3900;180.6;Ride;Ride;10.0;Strava App;15125502562;2025-07-15T18:01:11Z;2025-07-15 20:01:11+00:00;(GMT+01:00) Europe/Amsterdam;7200.0;;;;56;0;0;1;0;{'id': 'a15125502562', 'summary_polyline': 'mgb|Hgaxc@gC}B{A{@iE}@wBHqK_D_H{AUP}@`D{@tGUv@oCfDgC|DaA|B]hBmHbf@kF`\\_BtL@l@^VFhAtD~BJp@w@jDuDzSuFvSiB`FoAxBaC`BqDr@cA`A_DtHu@dCC^hA~BDf@{B~BqBtCs@d@IX\\R`D{DZICZe@^yXl_@sTfYUBQW_CqEaEgGsLyS}CwDw@O_Ch@e@Zs@hAcFbBWS_EoI]YaDrD}DjGqGzIMx@d@zEMXeTdGyCnBmDpAkA`AcBbBy@[{@aCq@i@cCrB@p@hGxVdBpRh@|IUxG^rNKhAg_@bJsCRs@l@aF`AuHxB}BlAiLnJoBt@WEM[OsADwD{AqIaAsIqBuB{EaC{A}BoAyDiDkB}@cAgFkPeFsQMwANgALt@RBh@qNGgBu@kEjAmAJo@I{@g@cBAuB[yA[iDs@oCi@kA{HyHsD{FyDwHcAsDwDqI_B}IAcE]yE}@kF_A{CiCcDo@Ge@x@@v@\\lCvAxFNfCG|@w@QqAE_BVSh@IpB]tA_@l@e@XkAEu@g@Yk@AiAh@iHMeAoAeEUsAVoCfA{CEqAWu@{@u@aAYu@DoHzEu@HmE_AmDqC{Au@Wg@]_DUu@Yk@_BaBq@_B{AuKkCiF{AgBeFr@g@Um@{@e@uB{@kHSoFLkI^wDfAqEvAsCxC{CfBgAzFsBnC?h@SnIeKb@E|AfAj@HtBq@`AgAjDmFfEkJ`EoE|@CpDdBhBGv@a@~BgCrCe@rAyA~AaDv@w@nIj@vGs@ZYdA{Br@o@jGs@lLuEnF`@^a@Nw@n@QlEJfAa@~@iAlC_FvFiFhGwH|AiCfB{DvAgF~@{BzCyLTOfFdEt@`ArDbJ~CjH|BlGrBvHdAnFnAdKj@rN@pLq@zRmB`c@KvGBbINtDh@nFl@jAbBdGxBfNjJrUb@n@ZLh@Ip@s@rEqGxBkE\\W`BzA~CjBrFtBhG`Br@b@JZCd@kBdGi@zEa@fHH`BnAtE?h@S`AlA|AnFnHlDzGlAdB|KxJjR|\\zDxFnBpDj@Zt@qArm@ox@IKYRuC`D]SJc@|@i@dFwG?YuA{Ct@yANaAjA}C|AgDt@q@~Dq@vAw@fAkArAcD`HcWnF{Z?e@IKaEsB?eAUQIa@|F}^tK{r@^yAbDmG`CoCt@qAfCuLNQbBz@xGlA`GrBbBLf@MZV`Ed@zB~A', 'resource_state': 2};False;False;False;False;followers_only;False;;[51.954639, 6.022064];[51.954611, 6.022271];8.26;17.82;False;False;False;108.7;9.1;16150619833;16150619833;stripped_4b55d854-2ef3-4490-b86f-b5ba89717b43-activity.fit;False;27;0;False;31.8989;64.36666666666666;29.736;64.152
2;{'id': 105213775, 'resource_state': 1};2025 #4;56946.7;7257;7272;208.9;Ride;Ride;10.0;Strava App;15071962154;2025-07-10T17:22:11Z;2025-07-10 19:22:11+00:00;(GMT+01:00) Europe/Amsterdam;7200.0;;;;35;0;0;2;0;{'id': 'a15071962154', 'summary_polyline': 'qdb|Hoaxc@vAsB~Ai@zFBhFm@fC`A`@sC~DqNz@g@CqBN{@tKe`@\\y@t@]hCI~JpFr@z@lBBlXvP~C[lEgDfBIrBz@XO~@kMnJe[Ta@pAQT_@|E{R`CcHvAuCHgAq@mABs@fKq\\jE}Qt@aAPgEbHqd@zBwKt@sGxKsq@~AoHj@oBrWqbBl@kAdJeI`Bk@x@aD^EvHiOzA_EpK}^|BaGpCoFL_BjQqe@rAiFpAaLbAiBtIqI\\s@dAcG`Da_@rFyl@hAuDfYcj@jD_GjI}PhAgA|EsJfBuBnq@me@lTwM|UoAtLAzB_AtBmCrE_JbA_A`AV|DgGxXmi@zDkGNeBGyD~@kD`@qFQO@~C?sCiA}Aw@zF{AdU_LhSiNzXuCbFa@JiGaPiAeGyFyLkMkQyGgLuKmOkHaJyGqLmIyPqHqJwYwV}MgM{FsCiVoHoNaIyD_@iHdDqIfA_D?kBm@tGeMxFqMhBgMrGyTnBcKtDcLdCkQMqHNiEtBgHxKoQfUuY|IaNbGiFlGcHvSoIjB{An@iAdAeDbB{IvFeN|HoPz@qDp@{Ed@aF|@uB`EaFGkHdA{FPaDGqHgAkGTsCsYcQgAeBAy@Zk@Q_AsA\\CvCSNu}@}h@gHy@oKGwA_@wAw@_Z[_SrCGe@~@kKJ}MZcFrKlChCHiEc@W^MtAJ~KlCl`@|@dD`BnBzC|FhGbHB`@q@hDiHxUmHhXgAhI}Bx_@k@rD_CzJeEzLeDxH}AjFyDpm@g@tEwCbPwFjVIxDh@xHlDpZ~A~S|@zr@k@~MDnJ_@tBN|Cg@~Ed@r@wEfU]tEo@tDeApCeLjt@sDbT_DjMAnAq@l@mFvKgDnEkd@pg@aGnIeI|NkGfOErAs@\\wEnK{DnGeNdOM\\@fAaAO{A`AkChCYpB_Cd@cCrAWcByDhAR|EB`JO`Oa@jB\\jBYnRe@xCcBnE]j@kA`@K`Em@fE{AlJ_BlFEbBTvFuBt@kWqBmIgDm@w@sAMqEsB_DuBsB_E{@}D{@kQUgNm@m@gAr@mCNmBdAwGxHm@|AOjCb@~TEzHPbHa@bBKxEYxAe@h@sEl@iCdA{GfHqPtDoCIcAe@WgC`@cI\\}UIw@c@Smz@lZyDlBfBnI`AjIhA|NTpKC~E]zFsC~XcAzNOzMP|NOzDaAlGmE|LoE~NeB~OkPpfAhAhWKxL`A``@v@rI|BrKlBx\\oVvs@je@vl@tMnO|\\vVtDvCb@x@rQbNlRxE`Jn@jCvB', 'resource_state': 2};False;False;False;False;followers_only;False;;[51.954623, 6.022318];[51.954666, 6.022267];7.847;14.86;False;False;False;75.4;8.1;16091828180;16091828180;stripped_f0a6b43a-bf39-4eb7-bd0b-e6a212c7e431-activity.fit;False;13;0;False;56.9467;120.95;28.249200000000002;53.496
2;{'id': 105213775, 'resource_state': 1};2025 #3;40246.5;5476;5778;277.3;Ride;Ride;10.0;Strava App;15034354192;2025-07-07T10:49:15Z;2025-07-07 12:49:15+00:00;(GMT+01:00) Europe/Amsterdam;7200.0;;;;5;1;0;1;0;{'id': 'a15034354192', 'summary_polyline': 'qfb|Hy`xc@qFgEeFaAiCAmIgCuIsAu@pCg@tDWVq@bDuFdI}AvDgSzrA^|@LfApDtBFbAqF`Z_GbT{BrFoA|AkB`AwCf@gA~@kDhIq@bCpArDgF|GaAr@CZ^HtCsDRG?Two@vz@s@sAsMyS{LiTiLkKwF_KqFgHg@qANgBiAmEOoBzAwPtAeE?y@gMiEqJgFm@Z{CtFwDfFm@b@g@Ca@_@yJgWkCoO}B}Gq@mI@eShC}l@X_MSgPy@{K{CqQgDmK{KmWmGiFk@XkBrIiHrTkJrLmErDyExHkI\\Ue@c@Fa@d@wD|@}LbFsGh@{BbE{Fv@uJMo@h@wCrE{Cd@_GzEcEgBkBGaEfEcGfLeE~EyB`A}CcBi@`BeHbI_F^aF|BsCfCcClDyAxDy@|GMdE`@pJz@nGt@tC`An@vEi@j@TxB`DfA~B`BrLf@pAnCxC|@tFnB~@lC`CxF~@fHuEb@yHpBwHvDyHdEuD|EmLfAgA`Ck@dB@fDeBnIIpDsBjBa@rJ@bAh@nCrCnCG`J_E|GgEpFgHxBsBjDa@NoASu@c@UEeAwA{FsRejAaAp@uR~G{F\\g@XuBrDaHt@qIAwBnD_B~AcCZsF~Du@CsD}AsAFsExEcD|GgC|D{BbCsBnA_CkAo@DiIbKkFd@eFbCsDjDeC|Du@nCs@rFKnHd@`ItAfJp@x@p@TzEi@|AbBnChF|AnLr@xAzBdC^lD`@bAdBx@zCfCvEz@~@GdHgFtC\\tAnAZrAoBdFe@|BbBxHw@nHHxA`@n@z@^vB]t@i@Tm@DuDhCc@jA@ToB}AcKQgCJoAPYTN|CvD~@tCn@jSfBpJjH~N`ErJpCpElIhIhBpFD|A^dEjAhE}AjCv@`FApH]hE[d@m@wAKvAjBfIxCnIVbBdElNpArA~Bl@pCtGn@r@rEnBhBvBl@`CdBtOAdEv@`DvF}BvJ}HrOmErCALs@_@_AmEqY@yJnA{LzAcZvC}K|HaQ`@q@h@AX_@Ak@]q@Rq@xGsFtFuBpLuKd@IvA`At@BfEsFl@gC|@gB|CoB~AwBxAMjJrQd@xBj@AvAsBRFfFhJhG}AdBaCl@WnBt@dD~D~LbTrC|DtCnF\\L`OqRr^qf@Ti@_E|DUOnHkJsAyD`AkCfD}HpAiArDs@`BcAdBwCnB{FfFgS~E{XOk@yDaCA{@YWCg@hSwrAj@mBnHgL`@oBjCiJVMzIjBjIpCpAQvF`AbAx@', 'resource_state': 2};False;False;False;False;followers_only;False;;[51.954654, 6.022095];[51.954584, 6.022432];7.35;14.04;False;False;False;108.4;9.1;16050843397;16050843397;stripped_1405839f-1d25-41a4-8cc4-6f554666b338-activity.fit;False;1;0;False;40.2465;91.26666666666667;26.46;50.544
2;{'id': 105213775, 'resource_state': 1};2025 #2;45966.2;5682;5684;261.4;Ride;Ride;10.0;Strava App;14893539026;2025-06-23T17:24:29Z;2025-06-23 19:24:29+00:00;(GMT+01:00) Europe/Amsterdam;7200.0;;;;43;0;0;1;0;{'id': 'a14893539026', 'summary_polyline': 'qfb|Hgaxc@oF{DgF_AgCFwHaCsGmAux@um@e_AokAgB]eD~@gXlQu@IK_ABkJ|@oDSeA{A_Bs@eSoBiOgCkKgY_}@GsAk@i@eCaImDgO_BeP[gOTiMj@aIjKq~@j@kOIeSb@sAAe@gAuAiBoM}AcHwY}_As@qD]qHo@B[fA}Ah@aH}@gDqBuCeF}Gi_@oDwMQqF`@q@QoAZi@[uJRi@UX`@nID|BgAdBg@f@k@KyDuJw@gB]kBXwMQsAw@{AuAgDy@tBoBzAsA?oD}@qCcBaN{MwAsDoDiAxBpAiDnL_BxCwDpEoA~@eAH}ImEoCcCgE[}Ak@O_ALyGd@DH~Bq@lHsEnSuD|M{_@phAsA`Fg@|@_AxE_CbHkFxNiCdELdCkGzPmRfr@qBrEcDbFyBnBuAZV|Et@fDzPr^S`@b@rAdKpTvG~Fdg@doArApE|EvLnBlCnFtLtIlP|DtVQ|Jf@`HnBtJhEzKnAlGM`@aA?Sy@]MeMdIwDhAuEzDwM`FkBbBmBzCcAl@aGkC}Es@}@p@e@pCc@fAiFrB}BdBwFq@qBzAuHcAsE`BmArH_AjTv@tSlBbLbKdUd@|EdBvIz@UvAXh@gAx@@v@~BnD~ArBuAzCqDxGiMjEqEz@GnD`BzABbFyDhDg@x@cAjAkDf@k@dKRbGu@|AgDf@[rGUnLkF|DPZXfBlGxOt_A|@xIoEjEcFjH_Cv@oMbHsE^gAo@wAgBqA_@wJCsFpCwJPiCpAoEl@wBdCiCrGsA`CsDjDqDpHyBzHc@tDTnBzDTdAv@`@fAIrAaBdD_@jBD`BjArEc@jHThCjB`Ap@Kb@c@r@kBb@}DlCKdA^TYC{DoB{ICwCd@_@rB~AxBtF`AlHR|KtBxJjDpGx@hD~DpHrCvEtEhGfDxDnAlEXvC?tCpA|CS|@eAjAt@hDHjBWzK[z@Om@]OJxCjAzCzFdWtAjEnBpCvDhBfB~E`AzAnE~AlBvBpChTFnF^~AdB]`PeMfNuDbDABy@c@_AmAoHmBkMUiDHqJnAaL`AwVv@yEbCgHtHuPZYf@RX]CaA]m@Hc@vJaInD}ApKqJb@?dClAtFeHhAmEjDcB~AwB`AOr@t@pI`PbAtDnBwDjBdCvBpEb@XbFgB`CqBxAWx@b@xBhCfWhc@t@Hfn@uy@Pk@mDvD[MtAwAxEkGwAsDzEcMjAmAnDo@vBuAtA{B~BoGzEcRhFeZSq@sD_CCaA[w@nOqcApC_P|IwNxA{Iv@yBhKfClH~BdBMlF|@|BbB', 'resource_state': 2};False;False;False;False;followers_only;False;;[51.954621, 6.022137];[51.954601, 6.022275];8.09;15.34;False;False;False;108.4;8.3;15896221776;15896221776;stripped_709e23ed-0694-46e1-bb5e-2364c95bf968-activity.fit;False;16;0;False;45.9662;94.7;29.124;55.224000000000004
2;{'id': 105213775, 'resource_state': 1};2025 #1;37479.2;4674;4747;276.2;Ride;Ride;10.0;Strava App;14820064194;2025-06-16T17:36:03Z;2025-06-16 19:36:03+00:00;(GMT+01:00) Europe/Amsterdam;7200.0;;;;27;0;0;1;0;{'id': 'a14820064194', 'summary_polyline': 'sjb|Hodxc@oB{AqCGmAi@yBFyHkC_KcBoCjNqHtK_A`DmSfrAb@v@P~@xDzBFdAoFrYgFlRaCrGqAnBoBfAqDn@_A|@aFjMDl@nAtCkHfICZ`@?`D_ENB?Xmo@tz@i@A_Wgc@mCgDgAY{ChAiAxAiFlAoEqJ_@Dy@fBeAn@i@}CqF{KaCqDqAOsA|BsDbC_@z@g@dDaFvGk@GcBoAg@?aC~AiFxF}GtC_HpGy@zAYlAwHpPwCdJy@`FWrKw@tM_ApGIzFHjEdEvY@v@_P|DuGbEoIbH{Ah@W]SwA?oEyCoSmCeDwDeB{AyBgA}DgDeBgAwAgMca@U}DF_@LPBpAVy@h@mMEuAu@}DhA{ANy@gAeD@kBWkAMuCeBwFqIiIoByC}EmK_AmEeDaGcAkDeAaGWeKoAuI{A}CaAgAaAWa@XOn@NhBtBnJEzBa@X_D@c@bCiBdDcALcB{@I_Af@_IkBmGCo@hC_HDcAQiAwAkAaD_@uFjE}An@eFcAeG}Ec@aAe@yD{B_Cg@eA_BkLoB_EyBsC_Fh@yAiAiBiMMmDP{Ip@qGlAiDrBuCdEkDpEyBpFi@hI_Kl@@jBjAz@UbC}BdDuEpEeJfEiE`AAnD~AtAD`FkEpC[xAmB`BqDjKPhDc@lA]vCwDjFSrMmFhFb@l@s@k@{A{@p@_E|@kLdFuG^o@l@yA|CqFl@eKQa@\\kAnCcArAkCd@sFpE{AJ}CaBeBCgFzFcE|IcF~FiBt@yCeAyIpKmF^kFjCaDzCeBbCkAnD_AtGGfK\\bG|AbJ~AdAzD{@t@Fj@t@xC~FtBjNlDxDb@`Ed@|@~Ah@xD|CdEh@r@K`HgFbDd@xArADx@{BzFB`ApAbGcA~KHrAfBdArAUrAgBPsDZ_AnAMnAj@p@[Jq@KyBqB{MLe@ZEzAjAnCpElAbENvBKzHH|BlBzKxCrFbAtDnItO|JdK`A~Bn@dDb@n@pCt@dILhDhBbBrArBjCj@zA~GdLlCxA~L`C`Di@xF}BbDYtDv@dAeE|BgHtEoKjBuDj@F^[Dw@e@aAHi@nIeH|EaBpKsJfB`AbAKfFwFzAoFfDgB~AqBv@[b@VrIvPz@tC^HvBoCpFzJrFkBdB}A|C[xBdC`NhVxHbM^Pho@c{@B[YNyCnD[KDc@|@i@lFkH}AiDfAkCzD{IdFuAlAo@nAwAvAgD~GuVlFkZAmAeEuBEmA]c@tSksAb@}AfCmEhEyFtA{Ht@iCRO~@l@~F|@hJlCbBIr@d@fDVpClB', 'resource_state': 2};False;False;False;False;followers_only;False;;[51.954546, 6.02238];[51.954605, 6.022266];8.019;15.66;False;False;False;108.4;9.1;15816569426;15816569426;stripped_cda8673e-972f-4c65-8011-5515f726110d-activity.fit;False;7;0;False;37.4792;77.9;28.8684;56.376000000000005
2;{'id': 105213775, 'resource_state': 1};Avondrit;35998.8;4591;4617;272.8;Ride;Ride;10.0;Strava App;12257648746;2024-08-27T16:50:27Z;2024-08-27 18:50:27+00:00;(GMT+01:00) Europe/Amsterdam;7200.0;;;;79;0;0;1;0;{'id': 'a12257648746', 'summary_polyline': '{ib|Hucxc@{BcB}C]cAe@uATkC_@oDeBmGeBcCUWP}@xCoAxHqHrKgArC{Ej\\kLpu@@X`@XRpA`DdBTVDb@kFfY_GvTwAbEmB|CcBdAuDt@kAhA_DvHw@xCvAzCuFlHu@d@GZ^JpDgEId@gf@|o@oHbJmAyA{D{HwFuImAmC}AoByAaD_DcEaF~@gBrAmCdAeBwAeBgDiAoC@Y_@hA}AvAoG}KuCeGiCp@wFdEyAxF}BhDeBjAmBqB{B~AeHhHgGbBsGtFwJ`UkFnP{HLmB^kDbB{B\\yMiBqCqCgDcGcAeAmAeDqFmFkDoBmGr@wDoAqBiHm@kAsH}HkC{DuCuGoAuB_A{CoDyHeBuIK_Iw@aH_BwF_BgC{@cA_@IUNGt@`@rFpAtGKhCcECKzAY~@o@tAi@b@}AL}Aw@j@yJgBcGK}ADk@~AqEBcAY}@{@w@cCc@_IjEyADqDy@sFgEU]s@wEaCqCg@eAuA_Km@qBcAiByBkCsF`@e@Qg@s@iBkMQ_FJqIz@}FzA{DzB_DrCgCpDiBrAc@jEUrIiKh@DpAfAnAKdHaIvEoJnEyEfAE~DbBxAK~DuDjBKrBcAnAwCz@}@nOW~Ao@jCoDtF[lNuFbEt@bBdHtAzHhKjn@xBvOE\\aEzDsF~H}Bf@mDdCuI~DcDLeDuCmBk@mGAwAReFdCaJFiCvAsEh@eBdBmFtL_EzDeDtGcC~H_@vC@tAHx@zD\\x@t@`@|@QzAuAnDO`BlA`Hg@nJT~AZf@`AHhAo@r@_B`@oCVi@xAa@pBp@l@WDaA[kDaBcJBaB`@UhBdA`BbCp@`Db@xDPlN~BxKvC~EfAzDnCbEjBzE~BlDhHbHjAxBp@lCHxBV`ACnChA|DSj@y@r@G\\t@zDBhBGxH[hCO^Aq@MECxApCtKj@fD`CzI`CbHtAnAlCzAl@jAdBnEjA~@jDpApB`Cn@xC~AxODrFR|@VJvBw@zOeLbN{DfCEJgAsDmSs@sGLkKxAwNp@_Sp@{Eh@gBrBiG|EyKhAwBhAk@AuCx@_@nFgFvFyBxBgC`HyFvBdAl@G|EiG|@gDp@iApCcBnByBr@Kd@XxHjO~@nDrAs@bAsAnFrJtFuAbB{ApAg@n@Kt@XnBzBbHhMxK|PxAtCl@Jfn@oy@Xy@[LuCpD[CBc@`BwAhEaGwAgDhFiMdAgAnDs@xA{@bB_CvBcGvFySbFyYQi@yDwBGcAYSA[`SgqAv@wCrI}MfAiH|@sCRQn@f@vHvAnHfC~AIbFr@vCpB', 'resource_state': 2};False;False;False;False;followers_only;False;;[51.9546028599143, 6.022304054349661];[51.95461979135871, 6.022266251966357];7.841;14.974;False;False;False;108.3;9.5;13066802910;13066802910;stripped_7822856c-9352-4b3d-ab9f-9f14143408d5-activity.fit;False;11;0;False;35.9988;76.51666666666667;28.227600000000002;53.906400000000005
2;{'id': 105213775, 'resource_state': 1};Rondje Posbank;31905.4;3953;4006;182.9;Ride;Ride;10.0;Strava App;12089076981;2024-08-07T17:46:23Z;2024-08-07 19:46:23+00:00;(GMT+01:00) Europe/Amsterdam;7200.0;;;;65;1;0;1;0;{'id': 'a12089076981', 'summary_polyline': 'ukb|Hydxc@oA_AcC_@gAg@cCDyG}BcHcByBKcAlDyAbI{GzJw@dB]|AaS~qA?\\b@\\D~@tDvBRj@uFtZsFnSiBxEcBdCwBhAiDp@_AbA_DpHKv@g@jADd@hA`C?VmHtICNRTNGxCuDXMA\\_k@lu@_DpDu@wA}AkCwDsFoR{\\yE{DaFcFgGsKyEqGk@uAZmAqAiFIgBh@oId@kEvAoEDc@I]wAs@wDaAkGgCyG{Dg@XeCfFyEjGURo@Cu@u@uJuWq@cFeAkFyAqFq@}Ae@sFOaFRwQtB_d@f@uQO{Ny@cMu@yFsBiK{AgFaCmGeDkHqBuFeAoBiGgFg@HSh@gBlIgAxD_BfE[zAuArDyCrDqFfH}D~CuExH{@TeDSaBR_@c@_An@qEbA}K~E_GVy@|@uAhCqGx@}@BiAYgEHk@\\iDlEeCZuElEo@Vk@?cFaBcAJ{EzFqFpKgEjE_Br@sBkAi@HuFlHuAnAm@TmDHwFhCgC~BeCjDyA|Dw@~GK`GZxHnAvIX`Av@p@z@BdDm@zAt@|CfGjBvMn@jAxAnAf@r@TdANpBXv@zBfAtAzAn@^xEz@f@?nAg@pEoDf@OxC^jArANb@Ej@gBhFYfBDz@h@pBd@rCs@dHBlAb@~@r@f@`BGpAkBt@_BRkAb@kAVKpA\\~@g@AsAyBcLCuALiAVc@f@`@`AhAnAzBn@~ARfA^fETjLz@`Gx@jDnD|FlAfEvCdFlBnExFpH`DzBj@fAb@tA^tDRrA?`CjArCLv@Ov@c@RGTb@~CHpBe@`MGZYe@KFAbAPnBxDrRbDtKrAlDdAr@~Bl@Vb@fAhEh@dAhA~@vDvA~AdB|@fEzBrOHlFRt@XHpA[lB{AtAq@jE_EnD{BfLaD`CWbAHN}@Yk@ScAyDkWI{ARuIx@}FXiEz@_Ur@eFt@iBfAcE~HgQZ]TJf@_@Ai@[s@Dc@vEwExC}BzHcC~B{CvCkC`@ItA|@p@On@o@hD}Ez@_Dd@_Az@s@|Am@zBiCh@Qf@PbJpQh@xB~@e@hAgBH?dF|Jj@@jEwAjAsAdAm@bAWl@VtCdDpM~TtFlIhAzBb@LjBsCdUaZpUk[CMYPcDlDYWNa@x@a@rFsHwAkC?Wp@}AP_AzCgH|@gAjEeApBwApA{B~BwGtEsQdFkY@c@OY{DuBCcAUQIm@|@mErQ}kAp@aCfEaHbCwCjAsGdAwDVO|@l@hGlAjHzB`C@x@b@`DRpBtA', 'resource_state': 2};False;False;False;False;followers_only;False;;[51.95451535284519, 6.022405056282878];[51.9546081405133, 6.0223751328885555];8.071;15.79;False;False;False;108.3;9.2;12885987721;12885987721;stripped_7a36c341-1fff-4906-a6ac-5b03ba051762-activity.fit;False;18;0;False;31.9054;65.88333333333334;29.0556;56.844
2;{'id': 105213775, 'resource_state': 1};Rondje Zeddam;49849.1;6095;6423;169.7;Ride;Ride;10.0;Strava App;12030132949;2024-07-31T17:37:41Z;2024-07-31 19:37:41+00:00;(GMT+01:00) Europe/Amsterdam;7200.0;;;;0;0;0;1;0;{'id': 'a12030132949', 'summary_polyline': 'cib|Hocxc@yCyBaEc@g@_@@c@z`AwnElDkM`AyEG{@kAeA?o@~Mmn@Mw@uBqEJqDOcBJkIKeDTcEt@_BfA_A|Ao@vCg@\\iEQuAPkAjEfA~AmPjHeS~AiDFg@AiAx^w`Az@{@RoBrP_c@j@a@hDApDaBDcAOcA\\{ADoCiAyKeIec@iD_HiAmDzBw@hDeCZoBp@Kr@yAjAqGVoD@qGc@oGi@aBNaASmFV}KYoAh@{BGgHa@gDu@yC}DqGaAsBgDqMeAsBcE{FuA_DVc@?_ArLyMpDkFvGoNp@e@L{AzHuQvEkIjGoJxQ{SpRsStEsGjEeJn@g@LgB`C}JdI_e@nHwe@|AmF|@oIzEaUXyWd@mNaAmx@k@gJkFoe@O}CJuDn@mDvDoMnCuPhBmSxAiYn@cHvA}E|DkJdFmPlBkJ|Bc`@`AqIxAqGvKg^EmArAkDjAiEa@eAeHoJwEaIi@{Aa@yCoBgWWsJFuGT{@rCT{CQQpHd@pNxBnYl@zAbC`DjCdFnHxIxBoGrDuPx@yEnA{M`B`@jJFxDz@tACpAh@fd@jX`KfFzKrHp@PVo@N@nA~AbZpQnNvAv@zFaAdBO`AAlOW`De@fBgA|By@bAuNnIiDlCkB`KuHnO{F`OsBnJwAvDuAzAoGvCuDbAgFjCyGhH}E~DgEpGmMlP}T|[cEbIkAtEKdCDjHmB~NwEfPgC|L_EpMs@lDiApJ{@~CmE~J}GhMwHNm@o@_Ar@oB@k@k@SPFjK_@bCHfCa@hFd@^Bl@g@rAsDdRWvDs@zDmAzDeHbe@mHnb@yChMGrA_AlAwDbI{CtEaf@hi@wF~HuJpQ}EzLMvAu@^wDdJkEjHqNrOMd@@z@cACaA^aD|C}FrCmAAyDhAqBGiAwD?eEV_HUw@yD{@gCyBmGoAaAyBUM}BnCY`As@vReFtHgAb@wEOuBdCkFKc@d@sApDcFa@yB}EuBm@gBz@mFbAwG`E}@HuBaAqDkFwD}Ce@\\gAbDiCJwB`AgFlF}CJi@hN^^pEp@tAbB`@dDAlJp@|G~CpL~@pBxEtHd@zJ~AzGn@`BrAjAfDRf@\\GbHjDvOL|IL`CtD~RTzBBvCWpCm@nCeAlCyB~BwF`BgB`BqAzDcHrXGzCx@ta@Cfm@QlWJt@NPfKwA`TgAtU]lIlA|CrBZzAUzDo@nE_FhQg@d@kGdBQ\\}RfdAiWz@gL~}@qThw@yXh{AP`@fPvLr@~@jHrA`JjCbBE~@b@tCNjCdB', 'resource_state': 2};False;False;False;False;followers_only;False;;[51.95462624542415, 6.022311765700579];[51.95464527234435, 6.022273628041148];8.179;15.24;False;False;False;61.6;8.7;12824412944;12824412944;stripped_030bdd21-d5f9-449c-b702-9edead957326-activity.fit;False;0;0;False;49.8491;101.58333333333333;29.4444;54.864000000000004
2;{'id': 105213775, 'resource_state': 1};Les Deux Alpes;44658.5;5735;5749;260.3;Ride;Ride;10.0;Strava App;12012623910;2024-07-29T17:25:31Z;2024-07-29 19:25:31+00:00;(GMT+01:00) Europe/Amsterdam;7200.0;;;;57;0;0;1;0;{'id': 'a12012623910', 'summary_polyline': 'ejb|Hadxc@oCaBmE}@yATgJ{CsI_BWPgAnDkAdHoGdJaBvDeSprA^|@DfAtDhCFz@}EtX{FfTiB`FiBpCgBhAgDj@gA`A}EjMlArDmH|Ij@FzCqDP?Un@co@`z@_@E{DoEq@Wk@ZiEvHq@DgEcJcIcXyAwDoGjBmFqJaAnAeBbBsMnRE|@ZvDK^aTvGoIpEeDxCu@QgAsC_@_@q@FkAjA]AuEwSg@a@iJdSuCtJq@|DqA`YeAjHMpHPjGzBjMbA|JiQpEoPdMoB^_@kB@qD_DwTmB_CuEmBgA}AyAuEcDcBiAkAuM{b@M{BJi@Vv@VOb@sNy@gGbAkAJeAw@yCEyB{BoLcI_JsC{DmEeJkA}DmD}GeB{IW_F@}DuAuJ}AsDyAmBi@Wg@d@L~CpArF?nDObAYZoDL_@xBaBjC_ARoAg@Qw@ZyHo@wCIyBh@_Ej@kB?iAg@yA_AeAuCk@QuAVmD`AuE`DkIzAmC|CsCrEwK|BaC`E]fDsAbIEdHuCnI?fA\\`DpDpCMfEcBbMaHtJyKhAo@xA?To@Aw@m@cAKmAiAgE_SkkA_Ar@}I`C}GxCyF`@{@v@uArCkHr@sHSyE~FmC\\{CxCuAr@y@B}EuA}@PkExDoF`LqGvGa@FyCsAm@uA_AwGDaH\\aCtBuEpAgFl@}EDcGg@{Fo@_DeCcCg@iAPeEIsD{EiZc@cAgCoCsBeGmBuBYcACoBdCaR|AgJjHmQ`GyMfA_JnEo@bSsKp@y@dBeE`BaAzGuHAc@gHmPk@Rw@lBOxAf@fGf@tAbDnDr@OdCuChFi@L[oFeMgB{GuSei@{DqIcCgHyOu_@k@}@kF_EiEsHeRab@qE{IqAeGK{DbB_@`CqClDsG|AyD~Ros@dFuNEwB~CkFvIgWz@qEfAiCf@QzGuTzRij@bEkMzDmPfCcI~CuAnC@zCz@`IxDbBQfIgJxAiEnCyLY|@@f@z@hAnAvDbOdNpB~@pEx@aA|EQhGrD`MnA~Fz@nKf@~Q`@rCbAnDvCdFlCzCvA~@tJ`CxAwBrBfDpBpAzGhAvDBd@fEpA|FdHxSvLx`@jElQ|@lG|@nLPpKMhJ}@~NaLz`AIpP^rN|B|RnG`WCnAr@XrCvHbUls@jCpKpAnJx@|LBdIId@_@T?^l@fAb@Ir@eA`@dAa@~AK|BBrJRZl@MxTmNdBaB~C}@jBTrAjA~b@jk@vYx]ti@da@rJzHd@x@nHjAnJzCjAOdFv@|CtB', 'resource_state': 2};False;False;False;False;followers_only;False;;[51.954561369493604, 6.022345293313265];[51.95464879274368, 6.022256361320615];7.787;18.004;False;False;False;108.3;8.5;12806251298;12806251298;stripped_adc828db-7f21-43dc-97dd-7b45abaef3a2-activity.fit;False;28;0;False;44.6585;95.58333333333333;28.0332;64.8144
2;{'id': 105213775, 'resource_state': 1};Posbank;31961.0;3809;3839;180.1;Ride;Ride;10.0;Strava App;11980141503;2024-07-25T17:42:33Z;2024-07-25 19:42:33+00:00;(GMT+01:00) Europe/Amsterdam;7200.0;;;;38;0;0;2;0;{'id': 'a11980141503', 'summary_polyline': 'kkb|H{dxc@eAo@yEmAeBL_JsCkJqBYPkAlEcAfGaDhEmCzEu@vBeAxF_G~`@mI|h@@v@^Z@z@~DbCBx@uErW}GjWiBtEkA|A{A~@{Dv@kAlA{ChHKl@e@nADb@dAhCCZeFzG{@l@I\\NRLGxCuDPKDTeV~[cXn]a@Dw@mBkH}K{LaT{BsCWGKXD~@VbAAZsBlAq@Go@oBWYuFhBi@_@oDgH_@_@c@PaA`BuAvAsF|HkE|GIj@b@~DAd@KL}RtFmJxFiDpCa@?[YaAgCs@m@k@DsArAQO_A}DYcCwBsIY[_@DKVAz@qHhOkD|Kg@|C_@pJw@fNeAdIOzGJvEnCfQt@hHQRgIpByALkC|@mBdAiJlHcE`C]SUcA@gEsAeIs@gH]qAuB{ByBo@mAs@gAeB{AuDwBsA_ByAiC{IeD}JgAqCK_AY}@AiAFIMKCwARkQC_B_AcFv@i@\\yAiAyD]iDMoDuAyEwE}EsCoC_ByCkDwFaAcD}@o@yA{CoBmIeA_GOeEB_Da@_Ds@kDcA_D_CuDo@AAzAPbD~@tAbAdDM`CYhA_DQkANIhBQhAcB|B{@@cA_@Y_@KsBXcGYgCm@gCEmANcA`AqBXqAAs@Qo@eAcA{Cy@uAj@oBxAyBfAkBBeCi@oAy@wAwAqBcAWi@MwB_@oAgC}Cm@aBeAsIsA{DgC}CuFTi@Qk@u@wAoJc@}GLgJp@gFv@oCtBqDzEcEhEmBvDUj@QnIgKn@?xAfApAQ`BuAfDoEfFwKlEeEt@EbEbBjBKz@a@pCkCvBSvAy@r@cAfAwCjAHzC]dDTrBKhCy@|@aCn@o@|F_@dMcFnCR`AMf@Nj@a@Fm@ZSjE@xASn@s@pBmD|BcDdEiDfIcL~FwOlB}Gj@}Cd@m@bFtEj@v@|IfS|C|IlArE|BtMfAhNNrF@tG_@|NwA|Xk@hQKbKDnGp@rIn@tA`BxF~AzJd@|BfJlUf@n@nASrDgFlEmHX@p@v@bBnAzDhBlMfEP`@Cj@gBvEi@jFk@bIJ`BrAvEOnABd@h@bAvEzFnH`MvKzJ`Rd\\xDxF~BfEZTdLwNh\\ic@vDqFJUCI[L{CjDI@K[Li@t@_@`FoG@i@iAmBC]`A}CxDkIjAm@~B[fCwAnAsBxBeGjBwGhC{KtE}XCc@KKsDuBGaAUQEc@fSyqAf@iBrAeCpBeDnCqDvAqIz@eCPGb@b@rBd@lEn@zGbCbALp@MnA`@zCPlClB', 'resource_state': 2};False;False;False;False;followers_only;False;;[51.954545862972736, 6.022422071546316];[51.95464678108692, 6.022267593070865];8.391;16.236;False;False;False;108.3;9.2;12772399347;12772399347;stripped_354080f1-7016-46b3-bbb0-3dd7b4620f82-activity.fit;False;10;0;False;31.961;63.483333333333334;30.2076;58.449600000000004
2;{'id': 105213775, 'resource_state': 1};Elten 2024 #1;44509.8;5348;5600;103.2;Ride;Ride;10.0;Strava App;11972216566;2024-07-24T18:05:59Z;2024-07-24 20:05:59+00:00;(GMT+01:00) Europe/Amsterdam;7200.0;;;;24;1;0;2;0;{'id': 'a11972216566', 'summary_polyline': 'sdb|Haaxc@xA_ClCg@~@VtK|GjACL{En@qE~DqNz@_@\\oDfKi`@^u@l@[dB]~AV|DjC`CbAlAhA|@C`CdAfU~NrCQzEiD`BKjAVdBtAtBvEjAlAzCjB`FfBjCaCzAkC|CcNXaCvG|C`A?`NgKzAyBnBmE`AkAhFwBhIE~C|@bCrB`A|AlAdDz@TtB|BtIxDdDtBl@c@|BsE\\iAhBa]nAeKj@uAnDuF\\_BFkBSsEu@_FkA_FYoEBs]i@uMg@sBkDmE[uCAuItAmCh@{C\\wNSwDp@uFK}BeA}FqAsNRiAhCkGf@_EDeFgA}FD_OnAwLXkIa@qGNoArAwEhHeRfAiNzBoKtBgF`EuFgC~Cg@L{R}LzPsi@|AgEpBoD^yBnQwf@v@gD^}Er@mEx@aBbI_I`AyAx@mEdHax@hCcWxCyG~d@e|@d@sAbHwL`EeEp_@sVhHsFhZmRt[wAbATjEUxBcAlDeF`CyFjA}@|AHhE}IjRy\\jAsCrFyJVoABqFpAuFNmC`@eDoA}@KLCh@nAn@@u@cm@tvAsEfIaClCFfBc@lGmBbNIhBp@`EtMxZtAbEzBrJt@hAxi@nyBjAjIg@dAqM~Oy@hBeAr@mC`DcH|AwBrAgFTwCxAgHlBoOvImAvAmApIw@|BeAdAwDvAeDxFqJrEsJ|@w@^sA~A_Dz@sJtNyOhN_BnBQ|@fArBtAfGGvBmAvI_IbNgDtA}@|G{EnH_BtEqFzHOvCBxGcAnHf@zDAjAkAhKg@|JaAfKqDbWwC|JeArGOpJgApQBtDj@rJ?b`@j@rO[`Rf@rGi@pJ~@xNc@`CoCvFu@vHMpHsCrGa@rBAxC`@~AjBvD\\fCuA`F_CbEc@zBo@tFYpLDfArAjCj@jCxGlHJb@eZx^qF|IkEvJeDhKeVtgAwChJeBzDmEhH{ElF_FxCeDhAmGv@oE{JuHkRMiBcAqAiCcKUoBq@iYg@uAuCmEiAqCi@kBcAeHXfDvAzF`BnD`CpDd@zAf@tYRfAV@Ta@@i@{@o@Ii@i@qWwEwIgBsFo@}D{Hwq@AuAhB_DxBoHIs@WG_@l@{@lEmAxBoMdLqKdHeBhBiF|Hc@dAoDdQmFvQgTld@mGuAsFfCmAxAeDlIs@x@cCgCgEuCiNyFc@}@QiAIoDiGuIcBqDOCkBhDwU`x@Lr@vBxAjAPhAs@H^gB`A{AUmBkAgMsNe@}CNgAuCaEaCmF}CsKn@mBVqFxCgO@uCdB_MpBsR|AkH^YNg@Cm@Wk@SuD', 'resource_state': 2};False;False;False;False;followers_only;False;;[51.95462968200445, 6.02225124835968];[51.95464334450662, 6.022249488160014];8.323;13.384;False;False;False;75.0;9.6;12764179041;12764179041;stripped_100068a0-9295-43b9-b78d-b0a30e49c9e1-activity.fit;False;20;0;False;44.509800000000006;89.13333333333334;29.9628;48.1824
2;{'id': 105213775, 'resource_state': 1};2024 #5 Rondje Posbank;38511.0;4906;4927;313.2;Ride;Ride;10.0;Strava App;11885171356;2024-07-14T10:04:38Z;2024-07-14 12:04:38+00:00;(GMT+01:00) Europe/Amsterdam;7200.0;;;;49;1;0;1;0;{'id': 'a11885171356', 'summary_polyline': 'kjb|Hqdxc@oBqAaF{@cBPmJyCiIcBWLu@dCsAbIiGbJ}A`De@lCuRtoA`@`ANvAlDfBPj@wFpZyFbTiBxE{AvBiBbAmDl@_A|@_FrMrAlDqFlHw@f@AVt@G|CuDEh@mo@jz@a@K}Wgd@uBcC]KI^d@lBGb@oCzAWEeAkCeGnBoF}JuDjEcMrQKx@d@rDEn@gTtGeJxEuCtC{@U}@oCi@g@g@FwApA[IkEkSs@a@_JtSaDpKc@fCkAhYcAbHSnH\\|G|CtSTxCwAv@mO~DuOfLcBh@e@wAIaF{AyIs@kHuCiDgCy@{AwAiB_FgDkBkA{AiMgb@OwCDWDdA\\uAj@{KE_Bw@kElAm@\\iAGm@kA{Ba@kHuAyF}AeCaF}EwBuC_GoLw@oCcD}G{BkGi@yCQ}CDqG{@aHyBcFcBoAk@b@PrD|AnI@jCeEAYrBgBnCuA^{AYMq@ZqIoAkGFwA`BaF?aB_A_BoEaAMcBTwCzAyFnBeF~BsEhEkExDqJzBiCdEQxCoA`JKfGsCbJ@~@`@|CbDlDEfS_K~F}HrBmB~@c@n@VZSPu@Ei@s@sAwAeH}Lot@_E}TgGnBgMhFqFXu@t@iAfC{Ad@uOBiCbEaAbAoC`@sFfEeANaD_BwAKgFtFiGnLwEjE}@V{CqAaCpDkE`FoDNiAXmHpE}D`FiApCcAhHKxGf@hKlApHbBlArEa@`BfBrCdGlAzId@~AbD`Et@dFjGbE`Ez@rBSfGsEbDf@hA~@LnAiBtEUpBB|BbAvEi@lGDlCz@lArA?pBmDFiCLWhGBKmE{A}GSsC^wAf@IjAbAdAfBp@~Bf@rD^pNzBlLrCbF~A|FpBrC|DdJfD|CbEnEr@lAhApDXxCEjCz@fCLlAcApBx@pEChF[zGQv@?y@_@SCnAnAjIxBjJrCpJt@`B|AfCtChBzCrHlAjA~D|AzAfBf@pA`ArJ`ArFZlG\\d@fBs@hPiLfMkD~AUhA@Fy@k@}AeDyT[{DFyI`BwQv@mQr@_FzCoJzFoLr@qA|@OLy@KgAt@qA~G}FjEuAtKaKvB`A|Ay@bCaDhA_El@eAfAeAfBs@pB{B`AEt@lAnHlNt@rCp@SfAcBVErF~InGuAnKx\\|ExJn@SjFiIx@PxDhEr@Hvn@kz@BYWNqC~C[AB_@z@i@jFeHsAqD~@aDjC_G~AkBnDs@`C}A~CqHtGkVpEuWGcAuD{BMiAYWAm@zRooAt@oDrIqMzAoIx@kCpT|F`BKbFt@hBpA', 'resource_state': 2};False;False;False;False;followers_only;False;;[51.95456354878843, 6.022399524226785];[51.95462926290929, 6.022365242242813];7.85;14.508;False;False;False;108.3;9.5;12673917632;12673917632;stripped_f974b72d-829a-4c32-a4c4-15fe9eece522-activity.fit;False;12;0;False;38.511;81.76666666666667;28.259999999999998;52.2288
2;{'id': 105213775, 'resource_state': 1};2024 #4 Rondje Posbank;32050.8;4331;4441;186.2;Ride;Ride;10.0;Strava App;11846139120;2024-07-09T12:41:54Z;2024-07-09 14:41:54+00:00;(GMT+01:00) Europe/Amsterdam;7200.0;;;;52;0;0;2;0;{'id': 'a11846139120', 'summary_polyline': 'ujb|H{cxc@uBaBiEy@uBHgIkCkJoBe@\\u@~BwAhJ_DbE_DpFi@zAiSjrABZb@f@Hv@xD~BHp@{Fd[_FzQmBdF_BnCqBnAyDr@gAhAcDvHCl@c@xAB\\fA|B?VsFdHy@x@PXLC`D}DPG@Zw@v@kb@dk@_K~LYWu@sBqL_R{LiTwD}CmFmFeFcJqGoIc@qAVyAuAqFCqAZsF|@qIlAwDDe@Ie@_JiCoGsCsDcC[Cc@^kDvGmCjDu@z@o@Aw@{@mKgY?oAmAcHiB}Gk@cAg@uFOyENmRfC{j@RwI@wESeJy@oLyAwKsBsIqBaGgL_XcG{Ec@LS\\qD|NwAdE_@hBsAbDuGpIyA|BwB|AgCjCsDdGy@XwCMwBT][s@f@oFhAeKnEoFRq@f@gB`D}Bf@aCPeJUi@^yAhCu@t@eAl@yAVoExDq@RoBAeBy@cBMuA|@_@z@}@d@_AfAcFvJ_FtFgBp@qB{@k@HqF~G_B~Au@V}C@}FtC{DvDcBnCaA`Ds@pFOrHd@nJl@fEn@nCXf@l@XvE}@r@Pj@n@nBxDn@rBdBfLhDfEV~@RlCZr@fBt@rCdC~Et@x@OnGuEjCNnAf@j@r@Rt@El@yBnE[nAHlBrA~Fk@bFFrB~@`BdAXh@a@bAqB`@oCVy@rCExAZ`@Q^_AGgAaC{I[gC?mAJYVBpBpBr@pAv@dCZlB^dFNbJrBzKtE`Ht@hD~ArDrBjGlBlCbCzAzDdDv@fAj@~A`@lCA~@TlAKdCpAzDGTkAdASl@?hAn@|CHzJMdDU\\?}@K[UAE^dBzJhCnIpDhNv@`BdAbAjCx@pEvHhFfCpBpCXdA^nHv@rIFbEZnAf@D|@U|DeCdGmFfDeB`LaDdC@b@o@?e@a@cAaB_MgBkKF{KpA}Ih@wJTyHTeDf@eDfBeGpDuIbDyG\\c@`@CXc@D]QeAPgAvGqFxFgBtC}BxD}DfCw@x@d@h@?rEeG~AuEfAeAlBw@vB{Bn@@tA|B|GjMn@bCrB_B\\GfAnA|CbGh@D~E_BNHv@xB\\@pCeBBa@YeADc@NIfD|DlFtJxLrRhA|Bj@DjT_YnYi`@HS]?}CtDSCD_@`Ao@fFmHwA}Cp@_BTiAbDqH|@}@rDs@fBiAnAmBfC{GlFuS`FyXIu@wDwBO_@Aq@WSAe@ZqAtR{oAj@iBjIoMpAeIz@eC|Ah@hD`@fKfDpBGpF~@vBvA', 'resource_state': 2};False;False;False;False;followers_only;False;;[51.954582491889596, 6.0223229974508286];[51.95460939779878, 6.022349651902914];7.4;15.812;False;False;False;108.3;9.2;12633500723;12633500723;stripped_a42ba94b-9aee-4884-b5ac-6171df592dff-activity.fit;False;21;0;False;32.0508;72.18333333333334;26.64;56.9232
2;{'id': 105213775, 'resource_state': 1};2024 #3 Rondje Posbank;47971.4;6267;6411;256.4;Ride;Ride;10.0;Strava App;11781255249;2024-07-01T09:45:28Z;2024-07-01 11:45:28+00:00;(GMT+01:00) Europe/Amsterdam;7200.0;;;;59;0;0;1;0;{'id': 'a11781255249', 'summary_polyline': 'sib|Hadxc@{CoBwEs@{BDeFkBgLeCoJ_Igk@kb@eWc[oZs`@xUcq@TmAwBo]iBmIeAsKw@gZA{QeA}WxKas@rBiLtC{UrKu\\p@aDXsFOiPJyLl@aK|C{Yt@cOSuM{BwViFmWmRcvAe_@pKmXtQc@hAcB|@yAIkC_CiCl@oH~HcS`KyD{A}@y@u@sEcBuReAqGcD}Ge@YcAPqBkI{@qLu@kAeAc@UL_AvE}@BqA|@uAvFF`BvA`EKfAbAxFsAdBkAlDUvCBdENaHVmBh@eASa@uCKoB`AcB{DwK_L_JeGaFg@sAy@o@lAsAf@gA`BuBbFaAdEaA`BuAv@gDe@sEwBeNwMmAiD_FmBcAId@f@bDbAaB`HiCpGwErFqAr@o@AgI{DqDsC{Ee@a@Ue@kDHsCZFN|@{@zI}DvQgEzOs^peAoEdP}BhH}F`PcCrD@nCkF~N{Rhs@wB`FaElGqAhAcB\\NvD^hCrGzPnCzEzIjRjChGvCxExFzEvApCMjBl@dCtMvZfHhSrIbSl@xBnHfQbBvBxJnSaCfEaFhEqS`@_LdHeIjByAzEcAxFwBnGcGtM{BdGsD`TeA~IP`DjF~L`DdDlApEjD|RMbINfCvC~Cl@dBj@nDNdEa@hGuAxGgCnG]nCEtHnAlHVj@hCtAfB]pGsHxDeIvFmFxHlAxD{D|BBvBq@vCoE`JAvFcAxCiEvGe@zMoFnDb@rAnDtPjbA|@vI_F~EaEnFsCt@cO~HcDLkDuCgAWwIKaH~CkIV{CtAoEv@sCtDoD`IsDlDaCvEeCjGgAzESfCPpB`D^|AvCEj@{AdFFlDz@~Ee@nHRfCdCh@vC}Df@{BdDHn@m@OwEwAoIEcBZs@xAhBnA~Bf@nBbAhGTzMtAjH~DrHdAfE|@jAbDbIfBhC|HdIvBzEh@|DD~C|@pDs@tBj@vHUnJMTSe@YNMjCvBxMbBvFbG~OhAnA~BpAbBpEdArAz@p@jCr@hCnCx@bCdBpPJfEb@|AjBIdCqApMuK|N{B~@s@Py@OiB}DcX@mKzAoLr@wQp@oHhCqJrGqN`AyA|@e@CeCvAeB~FmFxFuApAmBdGuFj@?zBp@fEoFpBkFvDgC`BkBdAMd@d@lItOn@nCjCyBpFjJzAGpDuAr@tBd@HjCyAFg@[aB`@MpDlEzLbThHlL^Rdo@wz@HMa@B{CfDWUtAoAvEsGmAmD`AeDxC_HdAgAjDo@jBgAxAsBnBaFhG_VxEgXIq@cEiCAs@[u@jS}rA`CkFrFkIzAqIn@uBzAZtCTfM~DfBEfFv@lBlA', 'resource_state': 2};False;False;False;False;followers_only;False;;[51.95459917187691, 6.022368427366018];[51.954593136906624, 6.0223922319710255];7.655;16.904;False;False;False;108.3;8.2;12566514301;12566514301;stripped_e83956db-ea3c-41d0-8616-e5448d772065-activity.fit;False;48;0;False;47.9714;104.45;27.558;60.8544
2;{'id': 105213775, 'resource_state': 1};2024 #2 Rondje Posbank;37439.4;4811;4855;276.9;Ride;Ride;10.0;Strava App;11463156907;2024-05-21T12:02:26Z;2024-05-21 14:02:26+00:00;(GMT+01:00) Europe/Amsterdam;7200.0;;;;36;0;0;1;0;{'id': 'a11463156907', 'summary_polyline': 'akb|H{dxc@{A}@_FeAaBTwTeGa@Zo@pBaBdJiEfGcCtEyAnHoQfkA@\\d@`BzDzBLp@kFnYaGzTkAdDkB|CqBlAmDp@gA`A}EhM?^rAzCqFfHy@h@CX`@BfD}DCh@co@bz@i@S[}@oGsJ_NwU{BmCaA]eCt@aBjBsEnAgDkGiA_Ba@Lk@jAcB`BoM~QIf@h@xEK\\wTrG}HhEyCxCgAMiB{DwCxAmEkSm@m@i@|AiHnOgDfKs@rDmAhXgAtJSfGPrFhDbTX`EuPhEuPdMgBr@[[_@cBF{AM{AkCsSoCyCsDiBwAsByAyDmEgCiEcO}A}DmCeJs@wCO_Cb@tA^{B^kLy@yFPi@r@c@Dc@QmAy@oBS{DCwBg@eD{AoDmGiGiCiDoFmKs@_EiDuGaCaLyA{RqAuF}A_BmA[UZf@lJbAnDAzC{DGk@fDkA|BkAXwAi@SoETkF_BkEMeAtBiH?gC[gAoAq@}BA_JjFoEs@{GoEeA{FcDqEwA_K_CoFqAkBs@a@sEp@yAaAk@uCm@gGYgG@sG~@_IpAuDjBiC`EeD|EwBpEYxIeKz@KdBfApAk@`F}FlGsLnDmD`AQzDbBfBBpEyD`Do@z@_A`AqCp@y@pJNpFo@fB_Dp@g@zGi@rL{E`FXh@_@?s@Ws@o@d@{Dr@iMnFeGb@eCbE_Gx@gDOkEd@}DxEgD~@kElDyARyCcB_BKoEdEyFpL_FfF{Bd@kC_AoItKgFZwEzBqEbEeCfFy@tEa@jFFfIp@`IbAzFj@p@j@FfEy@~AvAzC`GlBxLfDtEf@zD^bArB`AjCtB`Fx@l@GpHsF`C\\xBdBL`@Gh@eCdHFfA|AfGw@|IRrB`AlAt@[dBwDd@kDjEJXqEwBiMLs@h@YzAz@bB~CnAdHTnCNvJ`@jDfAdFrDjHfArDdBtBdF~JfKfLl@fAnBbGfBz@vI@nA\\nGzFpAxChH~KhBvA~MpBdBKpIaDbBMdEl@`@u@r@wD|EiMdEuIVY\\Lf@o@D{CxG_GdF}BpKqJl@E`BfAt@G|EeGvAaFfAgA`Bm@hByBx@Yp@h@bIvOnArEd@_@bAaDtA~A~CpG`@PjGqB~@}@nBw@p@P`DvDfMxTfHjL`@Rlo@_{@AUOD_DnD]StHaJwAmD`FgMdAgAvDq@fBiArAuBvB_GfGyUlEeW?o@gEgCGiA[m@hScrAh@sB`C{EnEyFlCiMPMpAn@dGhAxHbCpBEnFx@~BdB', 'resource_state': 2};False;False;False;False;followers_only;False;;[51.95459104143083, 6.0224090795964];[51.95465298369527, 6.022312268614769];7.782;16.992;False;False;False;108.6;9.5;12238958967;12238958967;stripped_25c34a13-6e82-46c6-adb1-22f98ef9c2d4-activity.fit;False;12;0;False;37.4394;80.18333333333334;28.0152;61.171200000000006
2;{'id': 105213775, 'resource_state': 1};2024 #1;29327.9;3272;3925;129.0;Ride;Ride;10.0;Strava App;11314972693;2024-05-02T11:49:16Z;2024-05-02 13:49:16+00:00;(GMT+01:00) Europe/Amsterdam;7200.0;;;;4;0;0;1;0;{'id': 'a11314972693', 'summary_polyline': 'mnb|H}dxc@Ui@mDu@?OKILRg@TLf@ALeKbZODaBtO{ChOcChLw@~GoBdD_AnBiCy@h@bTeA|Du@tOzAbNT|C{ClDgDlM_DrJOTaA~GkBkAoFhCGTaAAiBfGy@~@]rC|AfE\\rFDrACNyAxDCrBoAyC[QS\\BGj@f@sAFqChKkExFo@dHDI{@aEmB}L?wEpAb@}EmFmAsDsBl@OReBsCd@oC|CuB~@eBCP~B}CdAcAYX_A~BkDdFWHoBdCuArBgBrBmAtB{CxDKFsAbBqFrHc@r@cDfEoAfAYZoDL{AqA}BgFsEsHQe@kB{CcAkBoB}CqCwDeBWsB`CgA|AgCF{C}AQe@qBaDiClAsDoG{C{Go@iA{CFuAxA_Ch@uBtFU`@y@`DcDzBaCcBmDhCwEjEuBtAuDzA{GhEiAtDaAnC{@hAqAlGmArAa@t@kBlEoAtET|ByAq@yFc@gD`AqDbBYD}BByCUaDl@HAwCc@k@{BuAsDiAiEoBuA{@wBo@gA_FoEcEeBqCb@c@SiCS]McBFI|DJV|E^kF|FBfAb@hBTxAD`Bq@nJGFMAAUu@TIb@Cn@?InArCvClIr@nDz@|CnCvItAxCzAz@tIhJ|B|AvAlAxA~APnD^vFC^bBfQbAxE~@|Fh@xDAd@d@lGAdCCKvCoB|@\\lOoDpEi@vMsDnCqApHeAhFoApBy@NqGPqLRcDNwHYwGMUEiDFgDCuC_@{BNuAAgABkAzB{AlAv@vFmEKACa@K^Eb@Jc@x@m@jEiGxAwAfBkAdKaFlEk@m@_BOO_@qAG{@zAiGlAuB@K{E}JyBa@\\{CkBmE[qG|EmDtBqFfDyDn@iCXg@hCtD~BvDzGsB`@_BbE@X^q@|C~GrExG~JvDnGjC~Ez@vBdAwCdDqFpDl@t@~C{D|@}@bBiBrAsAxB|DxALJlKjRxA|ANnGl@|G?lEnAjOaIyVjJrb@JpAoEkVpGxa@sBrFzAtC\\`Jz@~BDd@@vUr@zHvAzGa@hD}@rOvBb@|@mAk@|@xAw@~@}@XcC`DoGhEyH`IoM`EwHMT`CoDnByD|AuAhKsQ?Ht@DEFCARWMXLyA@o@Ou@sAsWjAgH`BgIN}@jBsGtBeLfEyNv@uD~@oD@mKfAyMN_AIh@bFkUbI_c@G\\dCuJhB_Jj@qDr@qC\\{@Fw@`A{Er@oCtA_H?YOKFB@`@^o@TYz@aBDkDDm@vAcGbBkDT_MJoCp@gFlA{LfBgJNMZGUeIMS', 'resource_state': 2};False;False;False;False;followers_only;False;;[51.954683577641845, 6.022381838411093];[51.95463445968926, 6.022347137331963];8.963;31.523;False;False;False;85.7;8.0;12086421001;12086421001;stripped_b736fc78-d1f2-4e5d-ab78-a0a0066115fe-activity.fit;False;1;0;False;29.327900000000003;54.53333333333333;32.266799999999996;113.4828
2;{'id': 105213775, 'resource_state': 1};Namiddagrit;52628.0;6334;7130;110.2;Ride;Ride;10.0;Strava App;9555830084;2023-07-31T11:53:40Z;2023-07-31 13:53:40+00:00;(GMT+01:00) Europe/Amsterdam;7200.0;;;;27;1;0;2;0;{'id': 'a9555830084', 'summary_polyline': 'mwa|H_vvc@o@hE@j@Zh@dBH`@n@xF~SfKbMvFvLZpB~@VnK~OZr@?bAr@pAdAjEjGpBlGpD`SnQ|BtE`@|El@|AzF}@tMdA|BbCpCdLl@LfOdLzBr@fJRvGnArCBlKyBjH_@pCiClIsPr@_C~IA|K{BdGiDzHqJhEsIfDuKbVogA`BiF~FsNvJoOba@ke@vRqLjVqJzFuEv@cCTgCWsIFqB`BkF`AsFWsKbBwNWmKToAtfA}]|EKnA{Q^{@jAk@q@aO|@eFTi@ZJlBzHtEUxA{ChC_NlKwX|@aIBaCaL{a@S{MwAsQx@W`FzAnBWdB{CbF}AbXz@XiDb@iBpCeGhBmCpB}RdHsOJqAWiGVwDbAuGr@kDpByEfCyBo@kEm@_RxDeD~@{CsDmDoAsCo@mEq@gUc@kCcBkE[eGWiADy@p@c@@]e@kCu@cAEi@t@jBxDo@z@o@Jg@{FaU_AaCwMaOqJqVcBsIsk@m~BaEgMyLuYcAgDIeDzAiJhAiKGqBtCwD`EcI~AeBWaBaFuLqAiGd@{AHtB[i@]VnAbHfG|O`ARp_@os@r@wEtAcV^Ei@dDKMX_DPSD\\De@t@hBUbE_A|D@bEYfBmb@|w@`CqDrCfAjUlBdCiBrC`@hD}DjBqDdCqJbB}JpB_E`@aChB{@h@Fv@x@pCdItC`DjJZ~SjCfB@rGgBpF_FtCeApXiAhA\\PjAa@pPRxHKpEsJlw@aBjEoVb_@cAtD]bGSbKDhK`FvgBzFx{@NzEi@~Ic@hCL~AWz@BdCkAvMNtL_AnIu@jB{Az@eAi@cCFuBu@}B`BkERyAbFWPyDmC}AeBaCi@sa@pAmNyAeKv@_h@iKaCp@sWjQcSzOwB~BS[HY`EaEE{Bg@_AcQhAoGs@_Fn@k@o@w@gCgAYa@m@kCuI{BgDal@g[eg@y_@}AJ_GnGoFhBoCdBqEvEqDvFoABk@{@G{@i@OSXEnA}FpOcL~_@yJhS{@`D_Bf@mJ`J_@v@qWncB{AlHs@dBwGtc@uC~O_@|DkCzMuGnb@SfD{@rAaDjNaL``@@dAd@hAEl@oDrIuGjVwA`@_@p@cJ~Zq@~EQjEk@fAcBx@s@zAeZjcAi@rDuA`CwKj_@yApGsAtCkFdQc@dBKbC{AtB_V|x@Gz@jAjA~Bj@zAi@]r@eB^wCcAyMuNo@_DToAqFyIiEwNr@sBPsFdDwOEsBvEia@xAsGn@eA_@qBBwBQs@', 'resource_state': 2};False;False;False;False;followers_only;False;;[51.954601434990764, 6.0222299583256245];[51.95466438308358, 6.022289888933301];8.309;15.586;False;False;False;75.2;9.9;10246976964;10246976964;8637a122-bfd2-4162-b4d1-b4416d50358e-activity.fit;False;21;0;False;52.628;105.56666666666666;29.912399999999998;56.1096
2;{'id': 105213775, 'resource_state': 1};Rondje Posbank ;36229.9;4741;4968;274.6;Ride;Ride;10.0;Strava App;9537253826;2023-07-28T12:03:58Z;2023-07-28 14:03:58+00:00;(GMT+01:00) Europe/Amsterdam;7200.0;;;;41;0;0;1;0;{'id': 'a9537253826', 'summary_polyline': 'ehb|Hqbxc@yDiCwEaAuBFsG{BeLkCeApDwAlIeDnEoEzI{Jzp@oGj`@^dC|DvBPZAj@mE|V_GjU_BrEqBhDkBnAmDh@{AxA}CpHIx@i@lAB^`AxARx@oF~G_Ar@CXb@DdDkELLG\\oo@pz@k@]e@mAwGaKqMgU}BkCmAIkC`AeAtA}DrAm@CwEmJ[NoAjBc@?c@cByIyPy@q@y@JcBtBcBj@iAjA_@z@g@bDqE|Fk@NmBsAk@@mCrB_FnFwE~AmDbCcEtDmAvDkHvO{CzJo@~CmAvXkAxKOfFZbHhCfPn@zFkRzFsOrLyAj@SM[uA@mEaDmU_CyBqDqA_BsB_BqEoCkAuA_Bw@gBeGyTwC{IGiER`BP@b@wDZ}Iy@cGhAm@LaAwA{D?}BS_E_A}Dy@cBqC_CuGiIeGsLu@{C_DkGeCqMMqIiA}HgAaDyA_CaAg@m@j@ApBnBtKFjEy@e@uCR]l@GfAw@jC{@z@cABsAiAG}Ab@yHyA}FCo@nBmGJyBWw@_AgAyDWMsDnB}H~CwHlAwBzDqDhEeKrB_ChEa@`D_BrHBzGkCbFQxDV|DvDhDC`NmHvC_AbEsErC}D`BeAx@Dh@YFmAw@kAMwAoAeF}QkhAWo@eGlB_M`FsFV{@z@oAlCwAb@_EZoIO_EjFeDr@{DfDyAh@o@DmDaBkAFuDxDuE~Ii@\\qCtE_Az@kB|@uCkAsI~Jw@^eCC}CjAqCxAcDdDyBvDiArEk@rFEvHd@xGvAhIb@t@f@TvEq@tBzBzBlEtBrMdDbEj@|DVf@rFjE~Fx@jDgBrCcC|BN|An@\\dCyBvGXvEr@~Dc@fHPbB|@r@tAMfAmB`AgE\\c@xAMpAj@d@WJu@EmBiByHWiC`@sAfBz@|AjCl@tCl@tHJ~GfBhJz@lCbA|AvBdItEvIfC`ErEhFvCjCjAjCvA`FxAt@`JFrDtBtDdD|AhDpChDxCbFnB`BhNnBvB[~DiBzBe@bFFjALzFeQpGaNx@DPWGkCZ_A|AeAf@s@`DuBbEwAbLcK`@CzAjAh@BxFuHv@sDrAqAfBu@dBsBt@St@Z~AzCpFlLf@zBvCaClE`I`@b@zF_B~@mAvAs@p@Kx@d@pBrBrNvVbDtE~BjEj@Vjn@wy@Xk@Y@qCfD]MbAcAlFgH}AeDjE}KrAmB~D}@tBuAnAkBbBwElGaVzEqXIa@}D}BG_A_@i@Bg@~RcqAv@iChIcMpA{Hx@oCPOn@j@jFx@vJtClBIx@d@pDVlBpA', 'resource_state': 2};False;False;False;False;followers_only;False;;[51.95464879274368, 6.022235574200749];[51.95469715632498, 6.0223206505179405];7.642;13.822;False;False;False;108.3;9.7;10227333750;10227333750;01fb36ed-a236-49c5-bf33-66ffd3a0f60d-activity.fit;False;25;0;False;36.2299;79.01666666666667;27.511200000000002;49.7592
2;{'id': 105213775, 'resource_state': 1};Avondrit;46479.5;6118;7207;202.0;Ride;Ride;10.0;Strava App;9514391619;2023-07-24T17:50:26Z;2023-07-24 19:50:26+00:00;(GMT+01:00) Europe/Amsterdam;7200.0;;;;5;1;0;2;0;{'id': 'a9514391619', 'summary_polyline': 'uwa|Hivvc@GrCWx@?v@Zf@t@Of@XdAbBrE`RpKhMfGfMFrA|@h@lAnBJx@s@r@}FhR{[dhAoBtH_EzKoJ|Z}DbNqA`GuD~LuAlDiEdPwAhCiBbFyExK[pCoKfRkB~AkBdCkc@`s@{LzT_@jAOvAY\\In@_AWq@v@JC@[EX[Pi@cAODyIfOeA|@sBrDUDu@_AmA`C{ChFwDiHWOqB~CkM|JcFdIoCnBk@~@iPlKwA][{@YSj@jCCf@cOnM]?oAiCwA}@LrDlBlL_AmHY_@UFy@jD_Knj@c@@iFkCqCuCIt@g@jAcDzFo@n@kAL}BS{Ar@mCjCoQ~@uOjIgNnIcCv@aHNuD]wCnAaFf@uGBcC]mFRoIhA_DGy\\fAaeAy[mCuf@e@eMMc@}XfBeBEEy@VyC?gEMwT]_NIgRy@kLSmIGkQo@os@iCs_CG_MJaBKcAfCkArCwDxBXt@Y`AqAtA{DbEkBhBiEjDuFtCiDjBiDpHwEfGqH`CaEdByFdAcCfGkE~C_FU[g@DKTAv@I?sEm@w@]kF}Ds@eFmCyCg@kAqAaKeAsCaAeBiBsBi@EyCr@w@Ku@i@k@qBeA}JQgEPcI~@cHvAwD~C}DzBcB|F{BjC@x@[vHmJB{@{@}C_@cDI}ADoDb@mDdCcGbAsE^qCT{DKkEeAaIe@}@qBcBa@u@\\uIcF}Ym@yA}AqAu@gAaCyGsB_BIu@DcBx@eHnCgOb@mExDkKhEiJpCaHlAcK|Es@~KgHrEmBdQa@lFwEhA{Ax@mBGg@uJmSgAeE_FgNkh@kpAaBuBgEeDcDmFwGsOyOo\\uAkEe@aECgBPYx@BlAs@xAkBdD}FbDqJtOuk@xFoPHe@M}@Bi@~B_DbIwTlB_In@VNOPiBbBsGhUwp@vCwHlEsN`GoVz@iB~CsAjBVf@WpHnCvCdBdBAzAsAfF{G~AiEjBmH~@VpAjDnHxGtDdEpCvAxE~@cAtESxDF|AzDzMjA~Fr@jJ`@fPj@jEj@tB`DrGzCfDtDlBlGxAxMdGhEhDvEnGh@OpB|GtC`ItOdh@bC|K`AvHp@lLL`HGvJ_@tHe@lF}Kj`AKlO`@vOj@nGjArI|ArHtDbNDb@Kh@NXh@BtBrFlV|v@hBxHrArI`AdML|JIr@_@XBb@v@bAPEh@aALi@`@d@Lz@G~@k@xAEf@C`JJv@p@L~X_RlCq@hBZb_ApkA`x@fm@jGxAfJtCbBM|@`@vDd@~B|A', 'resource_state': 2};False;False;False;False;followers_only;False;;[51.95462758652866, 6.022349568083882];[51.95459984242916, 6.022275974974036];7.597;13.118;False;False;False;104.9;8.8;10203288165;10203288165;7d370db2-362f-474e-890f-fccf2ca8b0fd-activity.fit;False;3;0;False;46.4795;101.96666666666667;27.349200000000003;47.2248
2;{'id': 105213775, 'resource_state': 1};Rondje Posbank ;35788.8;4564;4661;270.9;Ride;Ride;10.0;Strava App;9481049167;2023-07-19T11:43:47Z;2023-07-19 13:43:47+00:00;(GMT+01:00) Europe/Amsterdam;7200.0;;;;114;0;0;1;0;{'id': 'a9481049167', 'summary_polyline': 'ajb|Hcdxc@oCoByEu@eBRgQ_F_CI}@pDqAtHqEtGaCpEYhAeSzqA?\\`@h@Dx@zDdCF|@oFvYcGvToB~EeAzAoBhAwDp@eAjA{CtHu@|BBn@dAhBJl@}@r@wDlFu@`@GTNTb@SxCwDDTQ\\yn@~y@g@IoImNmMyTuBcCu@]e@HgCbAy@pAsEzAe@a@wD_Ig@S_FhG{KdPf@xFxAnJ`BnURrJsFbBuF|CcFrEoHnIsFd@Me@KD@vDUnCR`GBxHwBdAyXvGmFv@_D|AgLpBwPzMcBx@UQYgB?uDyCgT{BwCeEqBkA}AsBiFyBw@_BgBmG_S_AcEsBsG[wCHu@f@z@XWXcLE{AaAyEPk@bAm@Jg@M{@s@gAYcADmC]oAQwBqBoGcEsEmCkCsHsNcAmDeD{FwB}Lc@yKy@iGsA{DqBeCq@f@HrChBzLK~@yEFMTw@tEiAjAkAF}@e@[g@Ik@b@}EBqBQsAiA_EPuAdBmEEaB[wAW_@cCq@mCPmEfD}@PmFw@gCyBqBaA[i@a@aEeDsEeBoL{BuEqBcCgFf@iAw@YeAcA}Hc@gGDiGRoDlAuG~A_DdEeEdBaAfEgBfEWvIeKzBdArAY`GoGhB}C~CeHpCkCrA_@tDbB~BOz@g@~BeCdB?hAc@bAsAlAuCh@g@bKFtC]fBc@rAeCh@c@pGa@lMoFjDTZ^nAvDlPnbAbAtIaFjEgBxC}BnCcRfJmDHcBaAaAqAmBk@kCIkEHkA^qCjBgK`@cD|A}BBkB~@kAhBcEpJ}D`EwDjHqAlDcAlF?lBR`AzDfAnAxBEb@kBnFQ~AxApHu@dIBt@Rh@~@p@rA?zA_DNyBTg@nETTSHwAGmBwBaLF}An@QxBvAxAlD|@dGRlNlBpJh@xAzBdD|BvGhGbMrJ`Kt@xAjBvFt@x@fAf@xIHjBj@jF`FrBzDhCvCrCrFdBrA|CdA~I`AjLoD|BSzCp@`@Qx@mDvCyI~G_OX]XLTWH_AI{@P{@rEyDlDoBlCu@vHcIjBoAPAdBpAl@IrEeGxA{EfAcA~Am@zAmBx@Yf@JrBvDtFtKj@|BbAu@^_Al@Dz@dAlDrGxFyAnByB|AYp@PfCvClOxWtC`EhBjDd@ZtO}Rr^mf@F[UDuCfDa@CF]|@o@dF}GqAsDH?p@iCnDkIx@s@jDs@~A{@rAgBjBsEtG_V`FcYEq@wD{BKiA[YAe@hSsrAf@{AzBgEpEsGtAiH|@wC\\MvDvA~C^nH~BjBG`A`@fDRhCjB', 'resource_state': 2};False;False;False;False;followers_only;False;;[51.95456949993968, 6.022344538941979];[51.954642087221146, 6.022286619991064];7.842;16.234;False;False;False;108.6;9.7;10167943050;10167943050;43d17b37-65d5-4579-8cd9-144d19a5105c-activity.fit;False;29;0;False;35.7888;76.06666666666666;28.231199999999998;58.442400000000006
2;{'id': 105213775, 'resource_state': 1};Posbank & Rozendaal;34682.0;4546;4596;185.9;Ride;Ride;10.0;Strava App;9470130807;2023-07-17T18:06:42Z;2023-07-17 20:06:42+00:00;(GMT+01:00) Europe/Amsterdam;7200.0;;;;64;0;0;2;0;{'id': 'a9470130807', 'summary_polyline': 'yib|Hwcxc@iCiBkEy@eBPuFmB}MqCiAtDuAdI_EhFoCfFW~@oJtn@}G`c@?^Z^NfAzD|BDv@{EvW}GfWcBfEwApBiAt@gEz@aAx@gDbIGt@m@tAnAtDkFbH}@f@CX\\BxCqDRCAZ_e@ln@yInKm@uAuGaK{Ri]gLiKaGcKkFiHm@uAPkBsAqF?oBtAsN`BiFOs@aLoDsK{Fg@\\yBjE_FzG_@^i@Cq@u@cJ_VkC_OgBiGm@iAk@{KCeJJwElCcn@TcKWaQk@_ImAkJw@aE}AaGuBcGgKmV_@m@oFiE{@`@_BrIaE~MyApDyJrM{EvDkErHwA\\gBWgDMa@He@b@{EhAuJbEcHr@kChE{Ed@sKGg@f@sCjEu@`@oBPkCnCoB`Aw@DaDcBqA?}EdFiBdE{DbGqFzEs@EuBoAeA_C}@L_@dAoAWgAJYbIk@bBiEt@eIlEmBn@_BxAw@rCWpE]pBoBxR^dDbArCpBhD~AfArB~Bp@rBhBxA|@rBfD~EJzCSjCu@tE@pC[~EF~BNj@fApAdBzExAlHdB`Lv@|@pDfB`EwBzBAl@TpAvFDlCV~BxG|PZhEjBpFtHp@~Bq@Ng@W_E?{D^oCt@uA|@mAxAgAvDqFt@RtBlB`CtFxCdFp@nB~AzBxBl@lBjBz@pAl@`C\\~GbArCw@lBp@hFc@zNOr@WPCgAEf@XdAf@bFnBjJtF`RdBrB~BdAlB`Ft@lAfA~@hDjA~BpC`@lB`AvIv@`E?xFRx@TPhDqAtI}G`DcB~NgExA@z@u@bBk@h^kITg@DkA?{IUwC^kGfG_ArFgGjEiEpKeG~CgAe@cOaB}ReAmGh@sAs@_C@a@lM_RzB}F~@x@|ClGf@l@lF}AtAyAbAe@jAYXLlC~CtNxVnEtGfA|B\\VnLaOn_@kg@rA_C]@uCtDWSF_@`Ak@dF_HwAiDbAuChCqGjA_BbFgAbAq@|@iA~B_GhGiUbFaZM]sDwBMY?u@_@WI]zB_M~OydA`@wAnCyExD_FlBwJn@qB|A`@fI~AbI~BP\\mFxUc@~@iApAk@dBq@rE@|CQ|AmCnL]hDu@~AgEbSm@bA[jACl@JV|@n@r@[nJjHhAuAbAt@RIbDgHb@e@tA~CF|@IxANp@~C|BXl@xAtH?lAl@x@dAlGp@y@Fy@rBuJJ_@\\Mv@}EZo@IqBH}A~AmLJ_CxAiMzAkHb@YPg@Gs@]w@E_D', 'resource_state': 2};False;False;False;False;followers_only;False;;[51.95461803115904, 6.022286452353001];[51.95466086268425, 6.0222838539630175];7.629;14.382;False;False;False;105.4;8.5;10156479128;10156479128;f14a8234-c9ff-42c7-9c75-0f114e60c3bf-activity.fit;False;25;0;False;34.682;75.76666666666667;27.464399999999998;51.7752
2;{'id': 105213775, 'resource_state': 1};Doesburg-Betuwe;43184.7;5116;5308;21.8;Ride;Ride;10.0;Strava App;9424475494;2023-07-10T12:49:03Z;2023-07-10 14:49:03+00:00;(GMT+01:00) Europe/Amsterdam;7200.0;;;;6;0;0;2;0;{'id': 'a9424475494', 'summary_polyline': 'shb|Hwbxc@{D{CqCKkAc@kBHmSyFgw@ol@_\\{`@eb@qi@aB[cDt@oBbBaUjNg@BS_@?gKFq@j@uABu@UeAqAkAq@yQu@_I_A{FaCeKmYi}@EuAw@_AOeAqC_IiC}LwAwNc@wOTkNr@eJ~Jo|@l@{OIkRd@}AAe@{@eAaCwOyB}IeOqf@{HiVi@mCWoHq@HQfAsCXsHyAyBeBuAsBeBrByFsAaFmC}BkCaBqCcBuEq@aEy@_Wq@aGqAwFuCiJUcBJuDp@oEt@aCjAaBbC{IjCaFrAmDrSs~@Bk@O}@oF}N@uA`@cAj@PnEbMb@RPe@tBqIxBeQ|@_NH_Ek@qByC}DQaBr@yIXsQOu[T_Ir@uJrDaVf@wAdBp@xJpAcArN`@pB~@lAxIzFzGr@`QbHBl@cEb^B`@TPji@f@nLnBdMcEr_@pAlBr@bB{DvBeNP_Cg@qOcBe\\Ha@zErAdKoCh\\pB|Bz@rEzDdNxDzTtBbCc@Tn@HnDJnQdAtIhK|^nFxO~EjPH`B`@^`@_@b@gBpEoBv@y@dEsK\\mEPYdBAhGyBvIoFvGu@nDLpHhDr@n@~@hBvAu@PHLdEvC~NTl@|@R@tBLb@|Af@NzB^nACfBJVnDCVvA@hCNTpFq@pAV\\b@e@hRy@rQI|HhAjItA~CQb@iBj@e@IK\\VrE?xJMvNMx@]n@f@nBWvQ_@hCuAnEo@fAiAZUtFmB|LaBhF[tBX~Ij@hArCzNnAdKb@zW@zKMtHw@tIqJvd@m@pGE~FzBr^?rH}@fH{C|ImB|DmHtLmDdIlA`AlBt@dBfB|NxCp@n@xD`@hGjEfA|AW~BaFlSiCdO}AxTMvFUdA\\lBpAxTjAzDnD`HhFbFxDrBpCr@xNhKj@dAp@UjKxDdDLtHzDv@nAz@O~DnBfBX\\f@ErBsAhF{@dG{@zDgAhCtA}Cv@oDVCNZCf@u@nA{@zCmCrGeCfF}@rOJdKn@rNlBxTArAL|@n@l@DdClGdk@^|@xKjHRl@UrEh@~Ag@fAeApEmB|CKdA`I|p@}H}q@Lk@tAkBn@}Av@uDZo@Cg@SUa@T_@tCi@~AuAtBcOnMcIdFuC~CcFdIgDpPs@rB{WyOec@g\\s@iAk@QuDeG_E_JiJcLOw@w@UaEcFg@y@O{@u@_@qDkG{CeDa@yAu@ZGn@NlAwEnPUdDKbEcAWeFqD_FgCsCZaB`C', 'resource_state': 2};False;False;False;False;followers_only;False;;[51.954643093049526, 6.022244123741984];[51.95454795844853, 6.022376222535968];8.441;12.764;False;False;False;17.3;8.4;10108314564;10108314564;868d63f4-e389-4460-ae69-baa2950246d5-activity.fit;False;5;0;False;43.1847;85.26666666666667;30.387600000000003;45.9504
2;{'id': 105213775, 'resource_state': 1};Posbank 2023 #2;4861.8;76;4696;4.3;Ride;Ride;10.0;Strava App;9382394261;2023-07-03T17:36:05Z;2023-07-03 19:36:05+00:00;(GMT+01:00) Europe/Amsterdam;7200.0;;;;0;0;0;1;0;{'id': 'a9382394261', 'summary_polyline': 'qec|Hiwvc@', 'resource_state': 2};False;False;False;True;only_me;False;;[51.95459749549627, 6.0223274398595095];[51.991381980478764, 5.993950674310327];63.971;11.458;False;False;False;14.9;10.0;10063863567;10063863567;f145339f-4c75-4feb-b92c-1c70f9616d8f-activity.fit;False;0;0;False;4.861800000000001;1.2666666666666666;230.29559999999998;41.2488
2;{'id': 105213775, 'resource_state': 1};Regen;13321.5;1680;1877;4.6;Ride;Ride;10.0;Strava App;9368193605;2023-07-01T13:05:34Z;2023-07-01 15:05:34+00:00;(GMT+01:00) Europe/Amsterdam;7200.0;;;;2;0;0;1;0;{'id': 'a9368193605', 'summary_polyline': 'cjb|Hadxc@eA_Ag@]YM}@EgAKS@KCCEi@WMAK@[LM@k@AmA[qCcAcBg@s@ScDk@YWQCSDQA{@[G?IFEJa@dAOj@oAjIOd@}@|@eB`C{@xA_@x@cAzAUd@Sf@SfAmD~UShAyCtSwBnMeB|K_A`HATBJZRBFA^@NFJtDzBFHBJ?JCPiD~RqAnGwBpI}AnFgA`D_A~Bq@fAi@h@]Vo@Z]L_C\\_@L_@Rg@n@k@pA_BbEWb@C^GTKVGFSp@AVDR`AnBDH@LEHUT_BxBWXwAvBST_@RGBIGEKAmBEsAE[UmAYiAKo@CmAJeD?u@Es@EWKSY_@[QmAEwAYQGcAm@iB{AsA}AwAwB{@kAq@wAqA}CWc@MMOGOAwAHa@AQEQG_@UiD_Cw@e@g@SkAc@aBa@cCc@w@WOK}@kA}@gAcA}@c@Uc@QiDgA{Ao@uEsAs@Ua@Sq@g@u@c@wAe@s@[_@Yk@w@cE_IeA}Bc@oA[sAUuAUuCKwAg@wL@{AD_Ab@mFtAoRBeCAaEDeBTcBr@gELoAN}CJi@f@eAfBqEt@wAZ}@t@aDd@}B`A_Ev@oDTmAB_@Ge@HyBBwCEeQHoAFkGCy^AsADKVEBQAw@JmAAi@MoBAq@@qEDKb@MTMl@URMHQBUFKJIhCaBfCyAxJmGLKd@i@~@m@|@Qx@[`@E`@@`@H^NZT|BvCrBpCfElFdFzGdKrM`@n@pAbBlDdEvBpCxDpEj@x@bH~In@j@rBvA~AnAjAx@|C`ChHjFzB|AnCxBnBpAf@d@t@j@f@ZzAlAnAz@VR~@`AbBnA~@z@hAt@J^PVLDlCd@l@Rr@Dr@J~Ab@|CdAb@JdAZf@Bh@MPBd@XF@|BJv@HTJ`@\\bAp@', 'resource_state': 2};False;False;False;False;followers_only;False;;[51.954567236825824, 6.022332888096571];[51.95461216382682, 6.02235778234899];7.929;13.09;False;False;False;14.4;8.8;10048829477;10048829477;d793345a-6192-4070-a316-4e8d8c6e0184-activity.fit;False;0;0;False;13.3215;28.0;28.544400000000003;47.124
2;{'id': 105213775, 'resource_state': 1};Rondje dijk;21779.7;2859;2906;16.9;Ride;Ride;10.0;Strava App;9296724465;2023-06-19T18:09:43Z;2023-06-19 20:09:43+00:00;(GMT+01:00) Europe/Amsterdam;7200.0;;;;2;0;0;1;0;{'id': 'a9296724465', 'summary_polyline': 'ahb|Hsbxc@_EuCeD[{@[w@Nu@BwAq@wEwAaAW_C[KQAQiAC{@UqEcD}AoA{@{@{G_FyDyCuF}DoUaQYWoC_DaN_QqG}HsQsUiDuEwI{Ka@]e@Su@Gs@Hs@XaATcAv@q@p@gAj@uGdEmHlEMP?PMTa@LOPq@\\}@Jg@\\ANFXDhJHlH?`c@FtCFbOA~DMxEKbAwC|LcAtEa@jAeArBy@`CeA`CM`AIpBI`Aw@hFUvBC~@?tEC~Bg@vHmAlNIvCDpBn@lNb@nDb@nBv@vBbBhD`DbGn@p@`DpAvC~AvEvAb@FbBv@fEtAnA~@`CrCXVj@T~E`AnBr@~@f@~EfDp@JdBO\\Jf@p@lBpE~CfFt@x@jBdB`BbAhA\\rBRXJ^h@Nz@BdAMzD@dAFj@v@hDH~CB^FRP@|@m@zA_ChC_DHHLb@PZnAzAFr@Lr@fAdC`AjChAdGdAlICPu@vAMf@Q`DeArDk@hAqBdB@X^dAAb@MVi@t@Mj@ElAv@zHLvDRpAjAlFPtA@fAa@hCBt@Ln@n@fBLj@HfAF|BLfAlCjKd@~BT`Ch@vI^xEJ`E?dIDbCf@~DHjBCdAGp@e@xD[tBCTDh@Nb@vE|IdB~BbK|I`AnBz@j@hBjBvChCfEzCtC~AvB|@|DdAzCd@`DPfB?tBGhD]tBa@lC_AfAe@t@o@n@_A^u@jFkNn@wAjAsBhCwD~DqEdD}ChDoC~B_BnDwBxAq@~Ag@`B_@zC[vD?dCNZIn@m@PW@g@Sa@e@e@COVkA@k@]sACUDMZ[Xc@jBcGT[lBQvFQ~BEjCBlCRbD`@xEfAh@@z@OdAq@d@e@zC{Df@c@|@GxC\\^Ij@]~@oAd@sAdCuM~AqKd@eCdBqHh@eB`BoELiACy@yAkMg@kDQoFMkBc@ePMgBQuAy@uPMeA_AqF]}Ee@kD}AuHk@mBi@q@iA{@[Qm@McAAiIe@}@BwBXm@?OGMKUa@EUO{CIk@Mk@wAaDy@aAwDwCoE}E_EcDiAq@qAi@uA}@yFoBg@Gk@a@]{@My@IeBD{@Ie@MO[SoAsBmBaCg@{@Us@k@{@[_As@c@aAeBG_@Ew@EMUOa@AIKy@qBmC}Fe@i@]UiCgD{A}A{CiEi@{A{@yCg@}BqAkEYw@uAcCIe@MYCQ?eCAUGS', 'resource_state': 2};False;False;False;False;followers_only;False;;[51.95455281995237, 6.022243285551667];[51.95461752824485, 6.022289469838142];7.618;12.48;False;False;False;16.0;8.8;9972625563;9972625563;a42a33ea-7a51-4906-ae1c-f60ee8823b46-activity.fit;False;0;0;False;21.779700000000002;47.65;27.4248;44.928000000000004
2;{'id': 105213775, 'resource_state': 1};Posbank 2023#1;34275.9;4645;4679;235.2;Ride;Ride;10.0;Strava App;9138223136;2023-05-25T13:14:03Z;2023-05-25 15:14:03+00:00;(GMT+01:00) Europe/Amsterdam;7200.0;;;;16;0;0;1;0;{'id': 'a9138223136', 'summary_polyline': 'kib|Hmcxc@}C}BcFu@_C@aHyB}JkBm@dBk@bFo@xCyF|H{AnC_@pAsSbsAb@t@D|@vDbCLf@qFlZqGrU_BbEoAdBiBdAmDj@u@p@sDnIEj@s@|AJh@jAxBGXgFxGy@l@EV^LjDeE?`@so@xz@kAqBqGwJyMsUqB}By@[qBj@s@\\u@pA}EzAc@[kDiHq@q@eChCmBnCOd@J`@Gj@qJlNCb@Z|BKVySjGwJlFyB`Ce@Jq@c@w@cCa@c@q@FwAvAQIcBkIsByI_@W]XKbAkHvO}E~O_D_@aDN{JhD_Im@gDw@oAq@yFiJeAgAuAeDyFcFeCgAcJOaA[w@w@u@aBgBgGkCyBkDyDyBeDiFmKmBcGaCmEoBeIk@uMsAmJ}@iCcAoA_Ai@w@b@IdALjBjB`IF~BMj@}EJAxAWjAe@lAaAdAwAA_AaAO_Af@yHsA_FS_BxB_GFsBUy@o@}@gEu@OcBb@yExAcFfDcHbAcBxDoDzC}HzAeCpA_A|CGrDgBnIAvGyCtJBl@VfDdDxDOzMiHdBo@~AsA|DoF`CyBtAi@n@Vb@_@Dq@Ks@m@w@OqAeBoH{QugAq@JoExA_LrEgHt@gChEkFl@mFSaDViDzEw@d@{BVkCfCyAz@{@DqD}AyAFkCzBgAxAkFrKuF|FoAVeCgAwInKkA\\gCEcGtCwBjBmCnD}A`E}@rHGfH\\tG~A~KbAn@nFi@hBnBfAhB|@|BfBtLfDbEb@`Eb@bAvAj@hDlChEt@pAOlGqE`DZt@`@j@|@H^Gb@uBxESdBLxAzA|Fk@xGJpBtAdAz@@f@]r@sATy@HaC\\s@fCDtAVVaABgByBcI]iDDk@RY`AZbBjCjBpFd@dELlJnBhLhDpGt@pDbC|D`DzGjAlBtIzIbBxFnB|C`CTnGI|A^pHfHpAtCnChDlB|DhCzBzBt@~Ht@rCUbFoBpDq@`A?jDj@lByHvBcGpG}Mz@YJ_AK}AFWnH{FtFgCtKuJrBhAn@ElFcHl@}Cj@cAzC}AbBmBr@Yb@N~AvChGzLd@pBT@|@w@f@}@d@@dFhJvFyA`AyAv@a@~A[~@j@vBhCjMzT~ElHvAvCd@Zxn@gz@Pc@WCuCjD_@IDWz@g@jFaHC[uAsCt@cBDq@fDoHjAkAxDq@pAu@|A_CxA}D|G{VzEgX@a@QYsDcCE_Aa@s@jSkrA^}AbBcDxFmInAeHz@{CdTpFjBCnFx@~BbB', 'resource_state': 2};False;False;False;False;followers_only;False;;[51.95456547662616, 6.022296762093902];[51.954641081392765, 6.022273125126958];7.379;14.48;False;False;False;108.6;9.7;9804631255;9804631255;a097c316-fc6f-4293-adc0-0203376fa70d-activity.fit;False;0;0;False;34.2759;77.41666666666667;26.5644;52.128
2;{'id': 105213775, 'resource_state': 1};Rondje Posbank #5;34460.6;4193;4215;236.0;Ride;Ride;10.0;Strava App;7625803349;2022-08-12T12:30:42Z;2022-08-12 14:30:42+00:00;(GMT+01:00) Europe/Amsterdam;7200.0;;;;90;0;0;1;0;{'id': 'a7625803349', 'summary_polyline': 'wjb|Hmdxc@{BwA{BEoAo@qBB{GsB_K{Ba@T}@xCyAzHuFdIuBzEmSjrA@`@ZRJhAvDfCBn@gFtYsFjSmBnFsAvBgBtAoDx@kA`AcFjMD`@hA~BAZiFxGs@d@GX\\HzCqDNK@Tqo@b{@]EiEuEsAIsCwFe@]YPsDtGc@@eLq^_G|Aa@IuDoHs@u@mCtCkN|RKfAd@|DM\\eShGoKzFsBpBiA[w@wBc@i@i@BeBvASK{AmHuB}Ig@o@_@j@Ix@cIlPmEdOiHQ{HtCaDZaJuAeDcBmEcI{AeB_A}BqHiHoAk@wIDiCiAk@cAmBaHeIyHw@iAaIeO}@{DqDsHcBqIWuJgA_J{@kCoBoCw@a@i@r@MpBvB|JNvBE|@}EBYr@YzCk@tA_@V}@JuAw@Uk@Eu@`@yIiB{G~BiGPgBYaAg@q@wAg@_COKqBPwBvAwGrB_FfCmEhD_DfEuJt@iArAkArD[~CyArIIxEaCzAWvI?jAl@tAbB~@l@`DOhH}C~DcCvCcAxB_ChEkGrBiAj@Nl@i@AsAm@u@GcAmA{EqHud@gIae@cUlIoFXw@h@_B|CuFz@sD]mEJk@f@}@vBw@hAqAt@kBHmCdCmAn@oAHaEsAuAX}DdE{G`M}DbEoAj@wCgAmI`Ko@XgC?gDhAkCxAsDnDaBnCmAtEy@lI@rHj@`GnAjHrA`A~Ei@hAdArCnFb@~AlA|Ir@zA|BjC`@vDXt@vAl@tDzCpEx@r@IfHyEdCL`Bv@\\t@?fAyBhGMlAJnBlAhEi@tHJlAzAfAlACd@a@h@kAP{@@yBVg@hDAv@l@VO@uAYqC_BkHWeCFs@`@[`@Et@j@pArBlAhEp@|EXlLfB~J~AxDpArBz@tDpBnDxAxD|CnErJpJ|ArG`@z@tB~@~IFzAj@dHbGbAnCxBjCtCpF`B`BtFrArGl@dBQ~GsCrCYdEr@j@mCdDoKzG{N\\]d@HXe@Es@_@{@H[pIaHrFkB|J}JXGpBxAn@I|EoGn@iDb@w@xCaBbBqBr@Wf@L~BzDpFhKj@~BzBuBXEpErIZTfGgBhLf^f@PXUlC_Fj@i@p@j@lCzExARvDxDf@RzLiOpa@gj@?UQ?{CpDWOpAsApEmGmAuDvEmLhAuA|D{@zA_AvBqDzAiElFyRnFgZGu@yDyBI}@a@{@dS}qA\\_BjDqGrDaFnAkHz@yC^MfIpBlIdCfBCp@\\pDZfBpA', 'resource_state': 2};False;False;False;False;followers_only;False;;[51.95465407334268, 6.022398769855499];[51.95458693429828, 6.022325344383717];8.219;15.21;False;False;False;108.2;9.3;8135654441;8135654441;3f3a01aa-1f1b-4a23-8eb1-42df8ed18581-activity.fit;False;29;0;False;34.4606;69.88333333333334;29.5884;54.75600000000001
2;{'id': 105213775, 'resource_state': 1};Rondje Posbank #4;34588.3;4481;4594;236.3;Ride;Ride;10.0;Strava App;7616487474;2022-08-10T17:40:34Z;2022-08-10 19:40:34+00:00;(GMT+01:00) Europe/Amsterdam;7200.0;;;;84;0;0;2;0;{'id': 'a7616487474', 'summary_polyline': '}ib|H_dxc@eCaBsE{@qBFuIiCiIiBa@J}@hC}AxIoCnD}BxDkAjC]lB}RhpA@\\`@b@@t@nDhCJt@mEhWeGzUqBvFuAvBiBhAmDl@sAnAoEpLfAbDKf@aF`Hq@`@EVXJzCwDP?CVmo@tz@c@_@wKsQd@~@g@~AQDy@c@aEfHkAq@{A`BN?hA}AAeAsJoZWQyF`BaEwHw@y@_DnDwM~QIx@`@fEYl@uShGyIxEcChCk@Pk@a@y@aCk@c@m@LsAfASGyEuSe@g@WXM~@{H|PgExNiD]mCLgKfDcGWyEaAyA{@gGuJcAgAgAiCuHcHaBg@yH?{CwAwCiJgH{G}AsB_HcN}@uDiDyGsBeK[oKiA}Hw@wB{AiCoAo@UHSl@?rBlB~K?hC_EGaBxFq@`Au@P{Am@U}@b@cJaByHzB_H@}AsAsByDa@QgBHgBtAwGbD}HzBaEzBeBzFwLvB}AvCStC{AnJKtEaC~AS~H?jA`@nC~C|@LzAWzK}EvGwDzEsGzAaBbB}@z@Vd@[AyAi@{@eBeI}L}s@{CgSYw@{@p@uDv@cLpEyGj@u@f@aB`DsFt@cKMgD`FiAp@yAFmFlEeADeE{A_AHuExEaDxGuCnEsCvCyAj@_DgAyIlKiETkErBcDfCmB~BmBpDiApG]jHF~Dl@nI`AbF`@r@v@X~Eg@f@`@bCtDnAfDfAhJn@vAfCvCb@`ETh@tBhAlC~BlEz@fAMxGwEjBFxBv@\\jAArAkBtGDnAjAdFg@rILnAXd@pAl@vASz@aBTuAJaDRU`CNzAr@Fm@Q}CoAsFe@oDDoA`@m@X?n@l@jBvCnAxFZtDNlJ\\jCbBpHzCnFbAdEnEnJdC`ElIjIz@tBrAfFh@`Ax@`@fDVfE?jBn@vGlF|@vB`DjDhDlGtBvAzMlB`BOfGkChE]`Df@nEaNlDkIvC}Fl@@\\]@}@a@u@Lg@|HqGxDyAnLuKbChAl@?hF_Gb@iAXwB^q@bA{@zA_@hCiCz@Rp@bA`HtMz@xCf@GxAgBZFpEvIXP~FmBpKp\\p@vAf@]vCsFp@]lDbGzANxDjEf@PxJ_Mrc@sl@D_@Q?mCfDe@CdH}I?[oAqC~@}C|CkHv@}@tD{@rBmAbAsA`B}DnGqUrFwZMu@oDwBI}@_@gAlSwrAb@{AlC{EzDkFrCaMPOhGhAvKfD~AKbAb@~CRzCrB', 'resource_state': 2};False;False;False;False;followers_only;False;;[51.954665556550026, 6.022341186180711];[51.954656252637506, 6.02226004935801];7.719;14.754;False;False;False;108.2;9.3;8125308233;8125308233;90cd23d3-4503-48ef-88c2-8415a89de889-activity.fit;False;31;0;False;34.588300000000004;74.68333333333334;27.788400000000003;53.114399999999996
2;{'id': 105213775, 'resource_state': 1};Afdaling Mont Ventoux - BÃ©doin;21362.5;1870;1918;3.1;Ride;Ride;10.0;Strava App;7536794960;2022-07-27T11:48:55Z;2022-07-27 13:48:55+00:00;(GMT+01:00) Europe/Paris;7200.0;;;;0;0;0;2;0;{'id': 'a7536794960', 'summary_polyline': '{arlGkfg_@dDuChA_B?FlAkCp@gCZeBX}DEqBOs@Yk@oB}BIe@@UHS\\UlIeCb@c@Zm@`@sADeBU_B_BoEE[D{@d@gAxA{AjF}Cz@}@d@}Af@qER_A|AoEpBgI\\{@f@k@dBgAd@?`@`@|ChH^ZT@j@OtAaAd@g@l@gAx@iC|@iDfAuHLuAA{Ao@gFOu@y@cCGi@DSTY~DTzAKjB{@t@{@\\u@t@{CJcAFmBKkB}@uDC]IqCFo@JQNQP@~A`AxDvAhC|Ah@@TIPMXq@H}@JcCBgFe@{BR]\\FrD`ChCfAfBrB~@j@rBXh@Ef@Y|@_ARy@Ck@w@mBgAgGcAwD}@{E@m@Rc@LI`@DpEdEdDhAlDzBrC|A|CdAb@\\j@x@d@XdCd@t@YpBgE@cAwAaDBOTW|@XbC^|A@|@SbB}ArCmBj@A`AVxAG|@b@v@t@t@jAdAlBbBfC~D|Gn@tAh@xAZ~ATjDp@bEA|BD`@tA~F\\dAd@z@rFvHjAdCb@xAJdA@lBUrCw@vGA|@Pt@nD~HR~@PdBr@zM\\rBbErL|BvEzBxFlBbHpBxEn@fDX|@f@r@hCjBZf@FZE|AH`AZx@nA`CL~@DfBJbAnArC?XITs@b@?^JJ`AGtAPz@O~@@h@VZl@B`@UnDAhANfAr@jCV`BHrHNr@p@z@JXpApJBx@SxAoCzJO`AFdGL|Cx@nD\\pClAdFlAtCrAhF`@t@~@hAN\\r@bCJ`AIbAi@bCKnBu@dG@|@h@vBHdAI|F{@rBgA`B[zA@`@fAfHRxBBpACdGB~@nDjIpHfOb@XT@VAz@_@^AVZLj@Vd@~Dh@`Ad@z@n@tBh@dB~A`BfAjLfNXb@Rn@@z@Qp@kBxDCTDVXf@`@`@pBlAl@j@tDzFnAr@XXHXELWFkAMo@WkAaAc@QwCJ{@b@wFtHWj@Ox@a@rF?|@ThDMdA}@bB]zBk@vAwLnQa@nAA~@x@zJJjBCjB}@dOD~@h@`FDbBm@pD{@jD}@nC_A`EqCvOK`BF~@jA`FpGlOVvA`AdJJhB@dAk@pLIfFTzH`@|IJ~@Tv@fAxAdDnBNh@?XiA~E{FxNkBnHmDbRyBhHk@`AsD|C[d@Qn@{BdOuBdP', 'resource_state': 2};False;False;False;False;followers_only;False;;[44.17353973723948, 5.278311241418123];[44.124494791030884, 5.180256720632315];11.424;17.322;False;False;False;1878.7;311.7;8036699574;8036699574;526f71e5-bc90-4b3c-b150-0f6ed963f22f-activity.fit;False;0;0;False;21.3625;31.166666666666668;41.1264;62.3592
2;{'id': 105213775, 'resource_state': 1};Mont Ventoux - BÃ©doin;21414.4;6305;6315;1565.0;Ride;Ride;10.0;Strava App;7536387384;2022-07-27T09:06:26Z;2022-07-27 11:06:26+00:00;(GMT+01:00) Europe/Paris;7200.0;;;;0;0;0;2;0;{'id': 'a7536387384', 'summary_polyline': '}ailGuls^LgA~BkP~AiKr@yAlDwCb@s@dCqI`BcIbAeGtAwFpGwPr@iCZiB?WO]uD}B}@wAQq@YsDe@uPn@ePBsC{@iKm@yDoFmM{@wBc@wA]sBPeBrB{K@u@~EwQb@_DBgAi@oFIkBRsB@cBh@oK}@mJCiADmBZaAvDqFFo@tAuAxCwEZw@d@qChAiBHoAU{En@{Gb@kAvFoH`Am@~BChBpAp@XrBHPQ@QU[}As@eA}Aa@I_@kAm@aAyD{C_@e@G]BWhBuDL_AYwAeA_BUUW@e@oAmFsGw@w@sBoA}@kA}@SeAi@aAy@qAg@oADe@Wu@GSYY_AWSYBWXyAOGHEYIGWBoBcEeAeCq@o@iAeD{@wAe@iAm@y@Sk@G{@FcGGgBc@iEScAIEAJFWO_@MyCLy@t@}Ah@y@l@]FQOcBFuDe@_CE{AHyAh@iEHeBt@sEw@eE_BcCw@kCOGUcBaByD}@iES_BgAmEe@eKBq@J{@j@oBEi@b@?TeBz@mCFg@MODB?YM_@HCHg@Yq@L[E[QOLQ?UM]MGBSWoB}@cBMi@ImDIUBcCwAeITwECo@i@iAa@YwBHeDOCYr@_@LY@YqAsCO{DMw@iAoBg@aB?kCGa@cDcCq@}@aAaFmAkC{BqH{@mBk@}Bw@kB{BiEuAsDgBiFq@gGc@oKoAsEaBwCWsA@yB|@eJDeAI_B{@mD_AmByBgD}@}@oAgBaAoC_AsDEo@DiBq@aEU{Ce@uCo@qBiFyI{@_AmCeFkAsAs@a@{ADqBa@aDhB{@`A_Aj@yANyFy@MJB\\lApCJjAu@lA]hA[\\o@Zy@@aB_@mAoAsF{BeG{DqC{@WDg@y@eBiBWc@}Aq@W|@HrAXrBzAlG`AtF|@nC?ZMb@a@n@oAt@gCYo@YsAcBo@e@qBw@eEiCa@GWTCV`@fAJx@IhFSxDKZUTaA@aC}AcE}A{AeA]CYRGn@HpEt@rCTbDKpBDd@iA`EmApAgAl@cCNmDY]JKPCTNz@n@`B\\~Ah@tEBnAMlBiAxHkBtGa@bAqApAaAn@o@LWGW_@sBoF_AsAq@CuCxB]`A}A`HkBlFi@fEi@hCe@v@c@\\wF~CkArAi@tA@jApBzGDzAMvAc@x@u@t@{IpCY`@C^FZlBxBl@pAJzA]hFaApEgAlCyAdBeCrBm@`A', 'resource_state': 2};False;False;False;False;followers_only;False;;[44.12517531774938, 5.181180741637945];[44.17356329038739, 5.278220297768712];3.396;7.146;False;False;False;1878.3;313.1;8036250868;8036250868;8930751e-0063-4b0e-892d-1e49a85e57fd-activity.fit;False;0;0;False;21.4144;105.08333333333333;12.2256;25.7256
2;{'id': 105213775, 'resource_state': 1};Posbank - Betuwe;44748.4;5693;5739;200.0;Ride;Ride;10.0;Strava App;7514782725;2022-07-23T10:36:05Z;2022-07-23 12:36:05+00:00;(GMT+01:00) Europe/Amsterdam;7200.0;;;;63;0;0;2;0;{'id': 'a7514782725', 'summary_polyline': 'mib|Hkcxc@eCkBwE}@iBDoQeEcCcAeApDsAfIaIzLi@nBiHpd@CTTeAoJzm@?`@b@jBpD`CJbAaF|XwFxSmBjFyAxBwA`AwEnAu@~@uElL?b@bA|B@b@{ErGaAt@CXZLrCmDNECT{n@fz@m@SaHoKsRi]sL_LeGgKkFcHg@mAJsBkAiEKaBvAuPpAmECkAiNyEcIoEo@d@}BdE_EvFw@t@o@CaAwA}HqSqC}NiByGm@iAw@{L@yJZqLhBu`@b@sOKoO_AsMsB{MsB_IiBeFmJ_UkA_ByEsDu@PiDvNaFvNgJbMoEfD{DvG}@~@mHLa@]w@h@sHhBaIhDoGn@oBjDoAb@cJPqE^}CpDgErAyDnDkBNcEeAw@DcFbFaGdLiGfGw@GgC}Ao@gBy@Fe@|@qA]sAVQbHk@jB{D`AoL~FoA~@_A~AwDn_@z@nFfCxElElEz@tB~AfAlFxJBnFaA`HHxAYzEFlC~AtCdAzCrErVb@r@dElC`DgBjDTdA`Et@|HhGbOn@rFvBvFpH|@dCy@Ju@SoDD_E\\gCpBaD~A_B|A}CpAgAjAd@rBhBhA`DbExHjBzDz@v@vARtClCzArH?pBpArEGf@cA`Bv@hD@bE_@dJ[\\Eq@QKUd@\\zDhFxRdFpNtAtAbCjArA`EpAnBpErBxBdCvCxS@nE^`B^XfAUnQoMzH{BdH_AdAu@`a@sJJk@?iKUqEh@gFpEi@fBw@rGgIzBsB`EeCjIwDLwBOcIeB_UDWdAi@Fw@eDcK^iAdM_QfBeFp@VlDdHh@d@dEu@fBeBzB_AlDpBrX|d@x@e@vFwI~@Cr@lBBnAkGzHOp@pFnIhEtKhBlBRr@hHxaAtAd^QdLTnJ\\hCrB|EgBhSHrBp@tAdA_AbAZdAwEvAmCjW_d@bKyOyFxKEn@vCzEhLdKnA~BtLpKtIlEvIlBhLDzGiAfDkA`Aw@dAcBvG_QfCqEfJuKjH}FtFgDjE_BjHgArGNfAw@Rk@s@eBReBg@uBx@sA`CwG|Qu@hIn@jGpAhBo@rFwGtEVbAYfAqAl@uA`Gc^|BgJtD{Kf@c\\ViBbA}CbN}LfHkO~DqE`HgB|Hk@lCiChHoNlAiDtJYO{@}BqEyJmVI{A}@kAoCeK[qCm@mX]gAyEqIaBeGsI}u@JoAhCwElAcFOm@]BeAzEuAdCoMlLeLxHsIxLuDtQgFpQeTpd@k@NgF_BmGzCe@WmElKk@\\_MmHoJwDm@_CKqDsGcJ{AeDu@g@{@aBYkB_A[kEkJgMyOgEoOwCgHKoD', 'resource_state': 2};False;False;False;False;followers_only;False;;[51.95462649688125, 6.022273795679212];[51.95459087379277, 6.022382592782378];7.86;14.988;False;False;False;104.9;8.5;8012163165;8012163165;666ce055-aabd-482f-b52f-5a36916ec62b-activity.fit;False;47;0;False;44.748400000000004;94.88333333333334;28.296000000000003;53.9568
2;{'id': 105213775, 'resource_state': 1};Rondje Posbank #3;36056.6;5159;5478;252.2;Ride;Ride;10.0;Strava App;7501365272;2022-07-20T18:14:15Z;2022-07-20 20:14:15+00:00;(GMT+01:00) Europe/Amsterdam;7200.0;;;;73;0;0;3;0;{'id': 'a7501365272', 'summary_polyline': 'alb|Hkdwc@GwJvDmMD}@Se@iFqDwEu@aBFsTqF}@~AgBlKgEzFeChEc@vAeShqAKpA^d@@p@tD`CNh@}EjYsFrSaCrGmBfC}FdBcA|@{E`MDj@`AtBEd@_FpGy@n@E\\^?zCuDAf@wn@dz@g@SqWwc@sBaCcA]{A`@aAb@aAlAuExAe@YqDqHi@_@}@nAmAfAcNnRK|@`@|DMn@{T|GsI|EcCfCaA]kA{CkA@qAnAEp@tFfVzAlO|@bMOhHLvBD~Lk`@rJqAFyAv@sNdD}D`CkKlIcBp@m@iB?kDaBgKw@gHmCaDaEiBcAsAwAqEuBgAv@Lt@jADY{CqA}AoByM_c@MuBPmARfAZBJe@XmLGcBw@yDR_@~@WJs@Oy@_AuBEaDW}DyAkFiJmJeJyP[Z_BMc@V}CrEqAdAyB`DWtAMtCNxGMp@kB|@}H_AoBaGc@wDwGsP[mBIkCqAiGiDWaElBiDmBq@cAyDqTcBgFwAcCGkCZsFGaB~@_IE_EeDcFcAuBmBaBo@gBcEgEqBcDoAuDWeCbD{]v@eCfAoA`DeA|B_B|DeBvDy@h@aBX}H~@OpA\\p@aA|@HZpADpAj@z@aAcAwHpJeENuFfC{DnDmCzEs@|Ce@pDO`HV|HxAtK^j@x@^pEo@`Af@nDxGt@fDt@fGf@lAdCxCt@fFlB`AzChCtFdApIqF~BXbAl@d@z@?tAaB|EKnBvA~Fm@nJLhAb@t@nAZhAWdAqCJaCVs@vEb@TSMqD}BqLDoAh@q@PD`Ap@xA`Cf@vAx@hEZnDTdKtBjKzCfFv@tDtEzJrCpEpIzI|BjGJdHnAxCHn@In@eAf@MZv@jFMbMo@fAGm@UO[l@zAbIxHtWnAzCdBpB~B`AtBtFrAdBzDbBvBxBf@rBtBxPLxGJb@h@FhA_@xIcGpBuBfEiBnHsBhFi@rA{@n`@}JRcACeJQmDTkFUgF_CqW{FaUL}Ap@_Ap@K~AtDbBZhBaCdI{EpVeIPs@i@qBFw@xMiRhBmFh@d@lDhHh@h@dEoAjD_CzA[x@`@fBjBzWxc@f@T`HiIze@mo@Dk@_DnD_@IDYt@]jFmHpD|HdCbH~B|OhBs@dFgELu@yC}LQmADu@rDeE\\mBdAG|@cBrCcBdE}E`EiNbDuMzAoBqA}OEwEO}AHmApCoN^mE`AuELqBXoAf@y@~DcR`AeCH}AjBgKr@yBVmGv@eFl@oAjBsCfFqVrAZ`DThBnA', 'resource_state': 2};False;False;False;False;followers_only;False;;[51.95095748640597, 6.021491345018148];[51.95461643859744, 6.022390387952328];6.989;13.774;False;False;False;108.2;8.0;7997334863;7997334863;b8c4f5a1-2013-4a22-b8f1-a3285640a98d-activity.fit;False;32;0;False;36.056599999999996;85.98333333333333;25.1604;49.5864
2;{'id': 105213775, 'resource_state': 1};Rondje Posbank #2;36061.3;4509;4568;271.6;Ride;Ride;10.0;Strava App;7488025544;2022-07-18T08:49:21Z;2022-07-18 10:49:21+00:00;(GMT+01:00) Europe/Amsterdam;7200.0;;;;62;0;0;1;0;{'id': 'a7488025544', 'summary_polyline': 'uib|Hycxc@mCoBuCQ}@e@sBHyNyDuDqAy@zBaBhJ{BzDuErHu@nC}R`pA\\hAJhAtD`CDn@oFfZ}FfTeBxEgAbBoBvAoDr@kAjA_FvLB^fApCgFlH}@bAXL~CuDPJoo@|z@}HyL{N_WoB{BiAYqCbAy@fAoFdBgEyIi@[cClCoNhSIh@^nEUn@uSbGyJjFqB|BiAS}@aCe@i@m@FoApAYEyAeH_CqJ[[]RQ~@uHbPuEnOcEi@qEz@wEvBkBRsMgB_DwCoCiFaBkBkAsC{GcGcC}@gICgBcAk@y@mAkEu@aBeHiHyCeE}E}JaA_EcDaG{BaK?wBOqFaA}GeAcEoAkCuA}@k@PMv@v@|H~@nBAzCStASe@kDCSVo@vDm@fAo@`@cBOi@aAb@}H}AyH\\wBvA}DBkAa@wAqAkA{Ba@uHtEyAHsDq@}CkCcB{@e@cAO}BUu@uBcCu@cB{AgKiBaEcC{CyE`@w@Wa@m@}AcJ_@wGFkH|@mHfAiDlBoCfGsFjDsA`EWrIyJr@C~Az@nAc@~C_DzBaDtEeJ~EsEtE`BfACpAk@zCkC`D]v@w@~AsD^WnDOvEVhC]zBm@zBmDnGe@rMmF|CPf@`@fBtGpO~|@nAjJ?r@_DpCeE`FmAfB{BbAi@CgArA_D~AqGfCqCA{CaCiAWuHKkDf@qCjBaJJ}C|AqEh@mB~BkDtIyDzDiCnEyCdHyAlHNhCbDn@z@h@h@bAGzA}AzEKhARvCx@rC_@~INrAtA|@~AQbAkBPaCZ_ArBWpAh@\\Q\\u@W}BwBqJEaCf@i@lAl@xAbCx@lCt@rEXhLXhChB|HbDpGt@bDvFlMdAxAlItH~@vAnAlFTjH~@nCHt@c@h@UlA`@lAQp@V|AItKc@rASLBWOIOTKfBHt@lMtc@lAlAlC~@^h@rBnF|ApAdDpA|AlBx@bDdAnJp@jCJvBKpBr@nB`Bc@vIgGhBgBnDcBhMeDnBH^u@f@Qz`@uJPqA]cPZkGWoEeCcXoFsSG{@jA_Bf@Mb@d@z@bC~@b@pCsCvIuExV}HBg@s@}BH_AdMeQ|B}Ft@p@hD~Gl@\\vEyA~@gAxAs@nASd@ZpCdDxVlb@v@Hzn@gz@?UO?wCtDYOz@_AhFeHoAqDXe@`@mB`DsHfAgAbDk@hBcAxAuB~B}FpFySfFsYMu@sDyBEaA[[Ac@vRaqAXyAx@_BbHoK~AoIr@eC`@SfTvF|AIxEt@bBfA', 'resource_state': 2};False;False;False;False;followers_only;False;;[51.95453924126923, 6.0223085805773735];[51.95465105585754, 6.022361218929291];7.998;15.612;False;False;False;108.2;9.3;7982716968;7982716968;c1e6fe7f-825d-4338-b201-a5f5b9baae19-activity.fit;False;43;0;False;36.0613;75.15;28.7928;56.2032
2;{'id': 105213775, 'resource_state': 1};Elterberg #1;35921.8;4658;6001;92.7;Ride;Ride;10.0;Strava App;7472312958;2022-07-15T09:43:15Z;2022-07-15 11:43:15+00:00;(GMT+01:00) Europe/Amsterdam;7200.0;;;;1;0;0;1;0;{'id': 'a7472312958', 'summary_polyline': 'edb|Hmaxc@|AwB|Ae@jGBrD]nBp@nBzAe@][s@LqApEaPj@UP]@wAJk@rKca@\\}@xCaAv@LfBz@hDxBfBp@n@t@dBLjXpPpAF`AUdFiD|AKjAV|ApApBpE|@dAtDfCvE~AVGfBaB|AoCr@}BvAiGb@aCTcB^CvFtCz@AnMqJrAgB`CiF~@kAp@i@jDqAzBSdFDvCt@jAx@bAjAz@|AfApCl@H|C|CtHdDfDvBf@ElCeF`@cBl@_H|@oRz@_I|@_DvCsE\\{@VgALwCGgB]yCa@sCmAgFUmDFyCEmYa@sLOqA_@gAmCaDi@qAMgB@wDK}BJiArAgC`@uCZgNQsDp@_FKwCw@aE{A_PPyArAyC|@}CRyANaDEmCy@qE?eOXmEz@qHPwF?w@]cC@eCfAmF|HoS~@_Mf@iDfBaHjCqGGQuRmLKUnBqF|J}\\|CoI`CgERcBhCuHbMa]~@gE^kE`@uCTy@zAcCnGqGVMv@{Az@kE|Ck]vEag@z@wHzBgGxIuObVod@fDuGZkA|@gApEoIvDeElEeDzZgShF_EjZuRhCi@dFWlCBlLo@h@b@rGk@pAu@vB{CzBgEfAkCx@q@`AXf@ObCoEGYv@cBvAaBlAkC|HiNtDsHfCoE`AkAp@}Fv@cOBUTCJSZ}Eaz@neBmXp@kHf@{[lSsXtR_HfEaFzDyC|C}EdJu@z@]pA}@dBcEbHiL`UaLpSuFfLy@tCwDjb@gFjj@o@tCc@dAm@|@sAr@sA|Ae@XKhA{A~A}@lBc@`Bs@lIk@tCi@tAYPGQ}A|EmK~WeAbDm@\\M`BeH`SsIdZoAnD}A`CyEpJg@nAg@`CgARgAz@yHjHi@fAeG|_@eKnq@}B~OUhAWd@o@vDi@pAaGb`@qDvSo@rFq@pCq@tDsHhf@SrDy@dAaE|PaKd]Gp@f@zAE`A{A|C}AnEuBhHsCbLYT{@FUZoJ|[u@lFI|Cq@bBcBn@a@x@mXv~@wAjFQlBSx@kAhBmLda@}@|D{@`B{FvRg@lBIjBMx@eAlAWf@}Uxx@CPJ`@|@|@v@`@lANhAo@LTELk@`@iBFwB{@eM}Mm@iAIeAOc@CQTo@?UaBcCPu@Oc`@`AuD`@_CK]gCaCYiAg@GDD?uAdBaNN{BxAcM|AsGp@gA?q@[mA?gCIa@', 'resource_state': 2};False;False;False;False;followers_only;False;;[51.95460177026689, 6.022365242242813];[51.95458559319377, 6.022235490381718];7.712;11.904;False;False;False;74.9;9.6;7965271529;7965271529;d9e83b92-88ec-4877-addf-3dc32756ef70-activity.fit;False;1;0;False;35.921800000000005;77.63333333333334;27.7632;42.8544
2;{'id': 105213775, 'resource_state': 1};Rondje Posbank;35740.1;4549;4643;270.3;Ride;Ride;10.0;Strava App;7447984021;2022-07-10T17:56:29Z;2022-07-10 19:56:29+00:00;(GMT+01:00) Europe/Amsterdam;7200.0;;;;5;0;0;1;0;{'id': 'a7447984021', 'summary_polyline': 'agd|H}mvc@}Jrp@`@~@Bx@tDdCNj@gFpYsFvS}BfGuAnBaCnAkCb@cA~@eFnMlAvDaFvGeAjAZLvCoDRNgg@|p@kGtHaI}LeN_VeCyCu@UwA\\wBfBsAl@aEv@c@qAaCmF_@e@a@@aCnC{MpRKj@`@fEIp@uT|GcJ|E_CdCy@KgAqCc@a@u@LwAvAAr@xFhU`BnOz@hNM|GX~NIn@__@dJsCTkAx@cGdAqGtBuCvAoGvFcFzCWUQeA@yDyCiU{BcDoDgAwAyAqAgEo@aAiCiAmAwAaFqNgE_Po@yAQqCL{@PpBn@e@^aLCgC{@yDdAm@Lq@Ey@aA{CY_ECiCiBiGoHsHaCiD{CqHuAyBcCkHgBeDoAuFg@yDUgIs@mGuB{GqBsB_Ax@[bBLhCx@tEn@dCH|BgAm@wBCcCvHi@h@aBo@c@y@\\iI{AwHbCoHK}Ai@yAoA_A_CGiH~Es@PyEaAkGoEm@gB?iBqCiDs@gBgBgLwD}GcAa@kEj@gAw@}AqJ]mFA_FXaFx@eF|A{DvDqErBwA`EiB|Ee@fIsJr@CvB~@`B_AxDmE`GmLpEqEjAKzD|A~AM`Ae@jCgC~ACvAy@fDwFxJZzCWrBq@dAaCp@o@bG_@pMqFpEd@n@s@g@kBu@t@yEhAgLxE}F^k@d@{AxCsEh@iKa@w@`@gBpDsArA_CPyCxCaAb@kB@kDmAaARaFbFgExIcFbGiBdAeDcAsFrH{AtAeGt@gEpB_EtDmB|CkArEs@bGEbG\\vG~ArK`BfA|Ei@bBrBbClF`BrKx@|AfBpBn@nEXn@fBx@zChClF|@bIgF~BLvBlARn@QjBgB`FKlA|AtH@|Am@jFRtArCh@t@y@l@yALiCT_@bC]dAf@^UOkEcBmIKkCZo@z@RhBbCt@xBnAdIXlJr@nFrAfF|C|Fj@vCzBfDhA|CrEdHlH|HpBhG`AfBjDz@jIRjIdHhBrD|BC~CeB~AJfIbFnIfJdIkBlEl@jEoNhDuHlC}Fr@A^a@]oBB]jIaHzF{BlJkJj@KzAdA|@@zEgGn@eD`@y@fAcAtDmCv@_@t@VpIpOpAtEb@G|@uC`@IlElIj@XzE_BjBeBnBi@l@PbCtCxMjUrItMbMmOta@cj@?UU?sCnD_@SfA}@`FuGqAwD|@uCxC}GjAmAlDy@lBgAtAoBnAoDrGoUrFqZGc@gE{C]wBhSarAh@eBbB}CbFkHlCkMZS~SvFbBGdFv@rBxA', 'resource_state': 2};False;False;False;True;only_me;False;;[51.963133458048105, 6.022490719333291];[51.954605458304286, 6.022352417930961];7.857;15.342;False;False;False;108.2;9.3;7938603738;7938603738;25587773-c6c2-4c25-bcf1-8b050484672e-activity.fit;False;1;0;False;35.7401;75.81666666666666;28.2852;55.2312
